"OFFICIAL_GENE_SYMBOL","Original ID","Value","Gene Name","Species"
"A2M","P01023","","alpha-2-macroglobulin(A2M)","Homo sapiens"
"AAK1","Q2M2I8","","AP2 associated kinase 1(AAK1)","Homo sapiens"
"AASDHPPT","Q9NRN7","","aminoadipate-semialdehyde dehydrogenase-phosphopantetheinyl transferase(AASDHPPT)","Homo sapiens"
"ABCE1","P61221","","ATP binding cassette subfamily E member 1(ABCE1)","Homo sapiens"
"ABHD14B","Q96IU4","","abhydrolase domain containing 14B(ABHD14B)","Homo sapiens"
"ABR","Q12979","","ABR activator of RhoGEF and GTPase(ABR)","Homo sapiens"
"ACAP2","Q15057","","ArfGAP with coiled-coil, ankyrin repeat and PH domains 2(ACAP2)","Homo sapiens"
"ACIN1","Q9UKV3","","apoptotic chromatin condensation inducer 1(ACIN1)","Homo sapiens"
"ACLY","P53396","","ATP citrate lyase(ACLY)","Homo sapiens"
"ACOT7","O00154","","acyl-CoA thioesterase 7(ACOT7)","Homo sapiens"
"ACP1","P24666","","acid phosphatase 1(ACP1)","Homo sapiens"
"ACSF2","Q96CM8","","acyl-CoA synthetase family member 2(ACSF2)","Homo sapiens"
"ACSL4","O60488","","acyl-CoA synthetase long chain family member 4(ACSL4)","Homo sapiens"
"ACTA1","P68133","","actin alpha 1, skeletal muscle(ACTA1)","Homo sapiens"
"ACTA2","P62736","","actin alpha 2, smooth muscle(ACTA2)","Homo sapiens"
"ACTB","P60709","","actin beta(ACTB)","Homo sapiens"
"ACTBL2","Q562R1","","actin beta like 2(ACTBL2)","Homo sapiens"
"ACTC1","P68032","","actin alpha cardiac muscle 1(ACTC1)","Homo sapiens"
"ACTG1","P63261","","actin gamma 1(ACTG1)","Homo sapiens"
"ACTG2","P63267","","actin gamma 2, smooth muscle(ACTG2)","Homo sapiens"
"ACTR1A","P61163","","actin related protein 1A(ACTR1A)","Homo sapiens"
"ADK","P55263","","adenosine kinase(ADK)","Homo sapiens"
"ADSS2","P30520","","adenylosuccinate synthase 2(ADSS2)","Homo sapiens"
"AFG2A","Q8NB90","","AFG2 AAA ATPase homolog A(AFG2A)","Homo sapiens"
"AFTPH","Q6ULP2","","aftiphilin(AFTPH)","Homo sapiens"
"AGL","P35573","","amylo-alpha-1,6-glucosidase and 4-alpha-glucanotransferase(AGL)","Homo sapiens"
"AGO3","Q9H9G7","","argonaute RISC catalytic component 3(AGO3)","Homo sapiens"
"AHCY","P23526","","adenosylhomocysteinase(AHCY)","Homo sapiens"
"AIP","O00170","","AHR interacting HSP90 co-chaperone(AIP)","Homo sapiens"
"AK2","P54819","","adenylate kinase 2(AK2)","Homo sapiens"
"AKAP13","Q12802","","A-kinase anchoring protein 13(AKAP13)","Homo sapiens"
"ALB","P02768","","albumin(ALB)","Homo sapiens"
"ALDH9A1","P49189","","aldehyde dehydrogenase 9 family member A1(ALDH9A1)","Homo sapiens"
"ALG6","Q9Y672","","ALG6 alpha-1,3-glucosyltransferase(ALG6)","Homo sapiens"
"AMOT","Q4VCS5","","angiomotin(AMOT)","Homo sapiens"
"ANKHD1","Q8IWZ3","","ankyrin repeat and KH domain containing 1(ANKHD1)","Homo sapiens"
"ANKMY2","Q8IV38","","ankyrin repeat and MYND domain containing 2(ANKMY2)","Homo sapiens"
"ANKRD17","O75179","","ankyrin repeat domain 17(ANKRD17)","Homo sapiens"
"ANKRD28","O15084","","ankyrin repeat domain 28(ANKRD28)","Homo sapiens"
"ANKZF1","Q9H8Y5","","ankyrin repeat and zinc finger peptidyl tRNA hydrolase 1(ANKZF1)","Homo sapiens"
"ANP32A","P39687","","acidic nuclear phosphoprotein 32 family member A(ANP32A)","Homo sapiens"
"ANP32B","Q92688","","acidic nuclear phosphoprotein 32 family member B(ANP32B)","Homo sapiens"
"ANP32E","Q9BTT0","","acidic nuclear phosphoprotein 32 family member E(ANP32E)","Homo sapiens"
"ANXA1","P04083","","annexin A1(ANXA1)","Homo sapiens"
"AP2A2","O94973","","adaptor related protein complex 2 subunit alpha 2(AP2A2)","Homo sapiens"
"AP2S1","P53680","","adaptor related protein complex 2 subunit sigma 1(AP2S1)","Homo sapiens"
"AP3M1","Q9Y2T2","","adaptor related protein complex 3 subunit mu 1(AP3M1)","Homo sapiens"
"APBB1IP","Q7Z5R6","","amyloid beta precursor protein binding family B member 1 interacting protein(APBB1IP)","Homo sapiens"
"APEX1","P27695","","apurinic/apyrimidinic endodeoxyribonuclease 1(APEX1)","Homo sapiens"
"APH1A","Q96BI3","","aph-1 homolog A, gamma-secretase subunit(APH1A)","Homo sapiens"
"APMAP","Q9HDC9","","adipocyte plasma membrane associated protein(APMAP)","Homo sapiens"
"APOBEC3A","P31941","","apolipoprotein B mRNA editing enzyme catalytic subunit 3A(APOBEC3A)","Homo sapiens"
"APOBEC3B","Q9UH17","","apolipoprotein B mRNA editing enzyme catalytic subunit 3B(APOBEC3B)","Homo sapiens"
"APOBEC3D","Q96AK3","","apolipoprotein B mRNA editing enzyme catalytic subunit 3D(APOBEC3D)","Homo sapiens"
"ARCN1","P48444","","archain 1(ARCN1)","Homo sapiens"
"ARF1","P84077","","ARF GTPase 1(ARF1)","Homo sapiens"
"ARF1P1","P84077","","ARF GTPase 1 pseudogene 1(ARF1P1)","Homo sapiens"
"ARF3","P61204,P84077","","ARF GTPase 3(ARF3)","Homo sapiens"
"ARF5","P84085","","ARF GTPase 5(ARF5)","Homo sapiens"
"ARFGAP1","Q8N6T3","","ARF GTPase activating protein 1(ARFGAP1)","Homo sapiens"
"ARFGAP3","Q8N6T3,Q9NP61","","ARF GTPase activating protein 3(ARFGAP3)","Homo sapiens"
"ARHGEF1","Q92888","","Rho guanine nucleotide exchange factor 1(ARHGEF1)","Homo sapiens"
"ARHGEF2","Q92974","","Rho/Rac guanine nucleotide exchange factor 2(ARHGEF2)","Homo sapiens"
"ARHGEF7","Q14155","","Rho guanine nucleotide exchange factor 7(ARHGEF7)","Homo sapiens"
"ARID3A","Q99856","","AT-rich interaction domain 3A(ARID3A)","Homo sapiens"
"ARIH1","Q9Y4X5","","ariadne RBR E3 ubiquitin protein ligase 1(ARIH1)","Homo sapiens"
"ARL1","P40616","","ARF like GTPase 1(ARL1)","Homo sapiens"
"ARL8A","Q96BM9","","ARF like GTPase 8A(ARL8A)","Homo sapiens"
"ARMC1","Q9NVT9","","armadillo repeat containing 1(ARMC1)","Homo sapiens"
"ARPC1B","O15143","","actin related protein 2/3 complex subunit 1B(ARPC1B)","Homo sapiens"
"ARPC4","P59998","","actin related protein 2/3 complex subunit 4(ARPC4)","Homo sapiens"
"ARRB2","P32121","","arrestin beta 2(ARRB2)","Homo sapiens"
"ASB3","Q9Y575","","ankyrin repeat and SOCS box containing 3(ASB3)","Homo sapiens"
"ASNS","P08243","","asparagine synthetase (glutamine-hydrolyzing)(ASNS)","Homo sapiens"
"ATG101","Q9BSB4","","autophagy related 101(ATG101)","Homo sapiens"
"ATG4B","Q9Y4P1","","autophagy related 4B cysteine peptidase(ATG4B)","Homo sapiens"
"ATP13A1","Q9HD20","","ATPase 13A1(ATP13A1)","Homo sapiens"
"ATP1A1","P05023","","ATPase Na+/K+ transporting subunit alpha 1(ATP1A1)","Homo sapiens"
"ATP5F1A","P25705","","ATP synthase F1 subunit alpha(ATP5F1A)","Homo sapiens"
"ATP6V1B1","P15313","","ATPase H+ transporting V1 subunit B1(ATP6V1B1)","Homo sapiens"
"ATP6V1B2","P21281","","ATPase H+ transporting V1 subunit B2(ATP6V1B2)","Homo sapiens"
"ATP6V1G1","O75348","","ATPase H+ transporting V1 subunit G1(ATP6V1G1)","Homo sapiens"
"ATP8A1","Q9Y2Q0","","ATPase phospholipid transporting 8A1(ATP8A1)","Homo sapiens"
"ATRX","P46100","","ATRX chromatin remodeler(ATRX)","Homo sapiens"
"ATXN10","Q9UBB4","","ataxin 10(ATXN10)","Homo sapiens"
"BACC1","Q8IXM2","","BPTF associated chromatin complex component 1(BACC1)","Homo sapiens"
"BAG2","O95816","","BAG cochaperone 2(BAG2)","Homo sapiens"
"BANF1","O75531","","barrier to autointegration nuclear assembly factor 1(BANF1)","Homo sapiens"
"BARD1","Q99728","","BRCA1 associated RING domain 1(BARD1)","Homo sapiens"
"BCCIP","Q9P287","","BRCA2 and CDKN1A interacting protein(BCCIP)","Homo sapiens"
"BCKDK","O14874","","branched chain keto acid dehydrogenase kinase(BCKDK)","Homo sapiens"
"BECN1","Q14457","","beclin 1(BECN1)","Homo sapiens"
"BICD2","Q8TD16","","BICD cargo adaptor 2(BICD2)","Homo sapiens"
"BID","P55957","","BH3 interacting domain death agonist(BID)","Homo sapiens"
"BLOC1S5","Q8TDH9","","biogenesis of lysosomal organelles complex 1 subunit 5(BLOC1S5)","Homo sapiens"
"BMP2K","Q9NSY1","","BMP2 inducible kinase(BMP2K)","Homo sapiens"
"BPNT1","O95861","","3'(2'), 5'-bisphosphate nucleotidase 1(BPNT1)","Homo sapiens"
"BRD1","O95696","","bromodomain containing 1(BRD1)","Homo sapiens"
"BRD4","O60885","","bromodomain containing 4(BRD4)","Homo sapiens"
"BRK1","Q8WUW1","","BRICK1 subunit of SCAR/WAVE actin nucleating complex(BRK1)","Homo sapiens"
"BSPRY","Q5W0U4","","B-box and SPRY domain containing(BSPRY)","Homo sapiens"
"BTRC","Q9Y297","","beta-transducin repeat containing E3 ubiquitin protein ligase(BTRC)","Homo sapiens"
"BUB3","O43684","","BUB3 mitotic checkpoint protein(BUB3)","Homo sapiens"
"C12orf57","Q99622","","chromosome 12 open reading frame 57(C12orf57)","Homo sapiens"
"C1orf198","Q9H425","","chromosome 1 open reading frame 198(C1orf198)","Homo sapiens"
"C2CD3","Q4AC94","","C2 domain containing 3 centriole elongation regulator(C2CD3)","Homo sapiens"
"C3","P01024","","complement C3(C3)","Homo sapiens"
"C8orf33","Q9H7E9","","chromosome 8 open reading frame 33(C8orf33)","Homo sapiens"
"CACTIN","Q8WUQ7","","cactin, spliceosome C complex subunit(CACTIN)","Homo sapiens"
"CACYBP","Q9HB71","","calcyclin binding protein(CACYBP)","Homo sapiens"
"CAD","P27708","","carbamoyl-phosphate synthetase 2, aspartate transcarbamylase, and dihydroorotase(CAD)","Homo sapiens"
"CALM1","P0DP23","","calmodulin 1(CALM1)","Homo sapiens"
"CALM2","P0DP23,P0DP24","","calmodulin 2(CALM2)","Homo sapiens"
"CALM3","P0DP25,P0DP23","","calmodulin 3(CALM3)","Homo sapiens"
"CAMK2D","Q13557","","calcium/calmodulin dependent protein kinase II delta(CAMK2D)","Homo sapiens"
"CAMK2G","Q13555","","calcium/calmodulin dependent protein kinase II gamma(CAMK2G)","Homo sapiens"
"CANX","P27824","","calnexin(CANX)","Homo sapiens"
"CAP1","Q01518","","cyclase associated actin cytoskeleton regulatory protein 1(CAP1)","Homo sapiens"
"CAPG","P40121","","capping actin protein, gelsolin like(CAPG)","Homo sapiens"
"CAPN15","O75808","","calpain 15(CAPN15)","Homo sapiens"
"CAPZA1","P52907","","capping actin protein of muscle Z-line subunit alpha 1(CAPZA1)","Homo sapiens"
"CARS1","P49589","","cysteinyl-tRNA synthetase 1(CARS1)","Homo sapiens"
"CARS2","Q9HA77","","cysteinyl-tRNA synthetase 2, mitochondrial(CARS2)","Homo sapiens"
"CASP2","P42575","","caspase 2(CASP2)","Homo sapiens"
"CASP3","P42574","","caspase 3(CASP3)","Homo sapiens"
"CASP8","Q14790","","caspase 8(CASP8)","Homo sapiens"
"CAV1","Q03135","","caveolin 1(CAV1)","Homo sapiens"
"CBX3","Q13185","","chromobox 3(CBX3)","Homo sapiens"
"CBX4","O00257","","chromobox 4(CBX4)","Homo sapiens"
"CC2D1B","Q5T0F9","","coiled-coil and C2 domain containing 1B(CC2D1B)","Homo sapiens"
"CCDC186","Q7Z3E2","","coiled-coil domain containing 186(CCDC186)","Homo sapiens"
"CCDC25","Q86WR0","","coiled-coil domain containing 25(CCDC25)","Homo sapiens"
"CCDC77","Q9BR77","","coiled-coil domain containing 77(CCDC77)","Homo sapiens"
"CCDC85C","A6NKD9","","coiled-coil domain containing 85C(CCDC85C)","Homo sapiens"
"CCDC86","Q9H6F5","","coiled-coil domain containing 86(CCDC86)","Homo sapiens"
"CCDC97","Q96F63","","coiled-coil domain containing 97(CCDC97)","Homo sapiens"
"CCNB1","P14635","","cyclin B1(CCNB1)","Homo sapiens"
"CCNB2","O95067","","cyclin B2(CCNB2)","Homo sapiens"
"CCNK","O75909","","cyclin K(CCNK)","Homo sapiens"
"CCNT1","O60563","","cyclin T1(CCNT1)","Homo sapiens"
"CCP110","O43303","","centriolar coiled-coil protein 110(CCP110)","Homo sapiens"
"CCT5","P48643","","chaperonin containing TCP1 subunit 5(CCT5)","Homo sapiens"
"CCT6A","P40227","","chaperonin containing TCP1 subunit 6A(CCT6A)","Homo sapiens"
"CCT6B","Q92526","","chaperonin containing TCP1 subunit 6B(CCT6B)","Homo sapiens"
"CCT7","Q99832","","chaperonin containing TCP1 subunit 7(CCT7)","Homo sapiens"
"CCT8","P50990","","chaperonin containing TCP1 subunit 8(CCT8)","Homo sapiens"
"CD3E","P07766","","CD3 epsilon subunit of T-cell receptor complex(CD3E)","Homo sapiens"
"CDC20","Q12834","","cell division cycle 20(CDC20)","Homo sapiens"
"CDC23","Q9UJX2","","cell division cycle 23(CDC23)","Homo sapiens"
"CDC42BPA","Q5VT25","","CDC42 binding protein kinase alpha(CDC42BPA)","Homo sapiens"
"CDC42BPB","Q9Y5S2","","CDC42 binding protein kinase beta(CDC42BPB)","Homo sapiens"
"CDC5L","Q99459","","cell division cycle 5 like(CDC5L)","Homo sapiens"
"CDCA7L","Q96GN5","","cell division cycle associated 7 like(CDCA7L)","Homo sapiens"
"CDIPT","O14735","","CDP-diacylglycerol--inositol 3-phosphatidyltransferase(CDIPT)","Homo sapiens"
"CDK1","P06493","","cyclin dependent kinase 1(CDK1)","Homo sapiens"
"CDK12","Q9NYV4","","cyclin dependent kinase 12(CDK12)","Homo sapiens"
"CDK17","Q00537","","cyclin dependent kinase 17(CDK17)","Homo sapiens"
"CDK4","P11802","","cyclin dependent kinase 4(CDK4)","Homo sapiens"
"CDK5","Q00535","","cyclin dependent kinase 5(CDK5)","Homo sapiens"
"CDKN1B","P46527","","cyclin dependent kinase inhibitor 1B(CDKN1B)","Homo sapiens"
"CENPE","Q02224","","centromere protein E(CENPE)","Homo sapiens"
"CENPM","Q9NSP4","","centromere protein M(CENPM)","Homo sapiens"
"CENPV","Q7Z7K6","","centromere protein V(CENPV)","Homo sapiens"
"CEP104","O60308","","centrosomal protein 104(CEP104)","Homo sapiens"
"CEP120","Q8N960","","centrosomal protein 120(CEP120)","Homo sapiens"
"CEP135","Q66GS9","","centrosomal protein 135(CEP135)","Homo sapiens"
"CEP162","Q5TB80","","centrosomal protein 162(CEP162)","Homo sapiens"
"CEP350","Q5VT06","","centrosomal protein 350(CEP350)","Homo sapiens"
"CEP41","Q9BYV8","","centrosomal protein 41(CEP41)","Homo sapiens"
"CEP85","Q6P2H3","","centrosomal protein 85(CEP85)","Homo sapiens"
"CETN2","P41208","","centrin 2(CETN2)","Homo sapiens"
"CFB","P00751","","complement factor B(CFB)","Homo sapiens"
"CHAF1A","Q13111","","chromatin assembly factor 1 subunit A(CHAF1A)","Homo sapiens"
"CHCHD2","Q9Y6H1,Q5T1J5","","coiled-coil-helix-coiled-coil-helix domain containing 2(CHCHD2)","Homo sapiens"
"CHD3","Q12873","","chromodomain helicase DNA binding protein 3(CHD3)","Homo sapiens"
"CHD4","Q14839","","chromodomain helicase DNA binding protein 4(CHD4)","Homo sapiens"
"CHD8","Q9HCK8","","chromodomain helicase DNA binding protein 8(CHD8)","Homo sapiens"
"CHDH","Q8NE62","","choline dehydrogenase(CHDH)","Homo sapiens"
"CHUK","O15111","","component of inhibitor of nuclear factor kappa B kinase complex(CHUK)","Homo sapiens"
"CIAO2B","Q9Y3D0","","cytosolic iron-sulfur assembly component 2B(CIAO2B)","Homo sapiens"
"CIR1","Q86X95","","corepressor interacting with RBPJ, CIR1(CIR1)","Homo sapiens"
"CIZ1","Q9ULV3","","CDKN1A interacting zinc finger protein 1(CIZ1)","Homo sapiens"
"CKAP2L","Q8IYA6","","cytoskeleton associated protein 2 like(CKAP2L)","Homo sapiens"
"CKS1B","P61024","","CDC28 protein kinase regulatory subunit 1B(CKS1B)","Homo sapiens"
"CLCN3","P51790","","chloride voltage-gated channel 3(CLCN3)","Homo sapiens"
"CLIC4","Q9Y696","","chloride intracellular channel 4(CLIC4)","Homo sapiens"
"CLK1","P49759","","CDC like kinase 1(CLK1)","Homo sapiens"
"CLK4","Q9HAZ1","","CDC like kinase 4(CLK4)","Homo sapiens"
"CLPTM1","O96005","","CLPTM1 regulator of GABA type A receptor forward trafficking(CLPTM1)","Homo sapiens"
"CLUH","O75153","","clustered mitochondria homolog(CLUH)","Homo sapiens"
"CMPK1","P30085","","cytidine/uridine monophosphate kinase 1(CMPK1)","Homo sapiens"
"CNDP2","Q96KP4","","carnosine dipeptidase 2(CNDP2)","Homo sapiens"
"CNN3","Q15417","","calponin 3(CNN3)","Homo sapiens"
"CNOT2","Q9NZN8","","CCR4-NOT transcription complex subunit 2(CNOT2)","Homo sapiens"
"CNOT3","O75175","","CCR4-NOT transcription complex subunit 3(CNOT3)","Homo sapiens"
"COBL","O75128","","cordon-bleu WH2 repeat protein(COBL)","Homo sapiens"
"COL12A1","Q99715","","collagen type XII alpha 1 chain(COL12A1)","Homo sapiens"
"COL6A3","P12111","","collagen type VI alpha 3 chain(COL6A3)","Homo sapiens"
"COLGALT1","Q8NBJ5","","collagen beta(1-O)galactosyltransferase 1(COLGALT1)","Homo sapiens"
"COPA","P53621","","COPI coat complex subunit alpha(COPA)","Homo sapiens"
"COPB2","P35606","","COPI coat complex subunit beta 2(COPB2)","Homo sapiens"
"COPG1","Q9Y678","","COPI coat complex subunit gamma 1(COPG1)","Homo sapiens"
"COPS2","P61201","","COP9 signalosome subunit 2(COPS2)","Homo sapiens"
"COPS5","Q92905","","COP9 signalosome subunit 5(COPS5)","Homo sapiens"
"COPZ1","P61923","","COPI coat complex subunit zeta 1(COPZ1)","Homo sapiens"
"CORO1C","Q9ULV4","","coronin 1C(CORO1C)","Homo sapiens"
"CORO7","P57737","","coronin 7(CORO7)","Homo sapiens"
"COTL1","Q14019","","coactosin like F-actin binding protein 1(COTL1)","Homo sapiens"
"COX5B","P10606","","cytochrome c oxidase subunit 5B(COX5B)","Homo sapiens"
"CPNE1","Q99829","","copine 1(CPNE1)","Homo sapiens"
"CPOX","P36551","","coproporphyrinogen oxidase(CPOX)","Homo sapiens"
"CPSF2","Q9P2I0","","cleavage and polyadenylation specific factor 2(CPSF2)","Homo sapiens"
"CPSF7","Q8N684","","cleavage and polyadenylation specific factor 7(CPSF7)","Homo sapiens"
"CRABP1","P29762","","cellular retinoic acid binding protein 1(CRABP1)","Homo sapiens"
"CREB3L4","Q8TEY5","","cAMP responsive element binding protein 3 like 4(CREB3L4)","Homo sapiens"
"CRIP2","P52943","","cysteine rich protein 2(CRIP2)","Homo sapiens"
"CRNKL1","Q9BZJ0","","crooked neck pre-mRNA splicing factor 1(CRNKL1)","Homo sapiens"
"CSE1L","P55060","","chromosome segregation 1 like(CSE1L)","Homo sapiens"
"CSNK1E","P49674","","casein kinase 1 epsilon(CSNK1E)","Homo sapiens"
"CSNK2B","P67870","","casein kinase 2 beta(CSNK2B)","Homo sapiens"
"CSTF3","Q12996","","cleavage stimulation factor subunit 3(CSTF3)","Homo sapiens"
"CTDP1","Q9Y5B0","","CTD phosphatase subunit 1(CTDP1)","Homo sapiens"
"CTSA","P10619","","cathepsin A(CTSA)","Homo sapiens"
"CUL2","Q13617","","cullin 2(CUL2)","Homo sapiens"
"CUL3","Q13618","","cullin 3(CUL3)","Homo sapiens"
"CWC15","Q9P013","","CWC15 spliceosome associated protein homolog(CWC15)","Homo sapiens"
"CWC22","Q9HCG8","","CWC22 spliceosome associated protein homolog(CWC22)","Homo sapiens"
"CWC25","Q9NXE8","","CWC25 spliceosome associated protein homolog(CWC25)","Homo sapiens"
"CYFIP1","Q7L576","","cytoplasmic FMR1 interacting protein 1(CYFIP1)","Homo sapiens"
"CYFIP2","Q96F07","","cytoplasmic FMR1 interacting protein 2(CYFIP2)","Homo sapiens"
"CYLD","Q9NQC7","","CYLD lysine 63 deubiquitinase(CYLD)","Homo sapiens"
"CYP4V2","Q6ZWL3","","cytochrome P450 family 4 subfamily V member 2(CYP4V2)","Homo sapiens"
"CYRIB","Q9NUQ9","","CYFIP related Rac1 interactor B(CYRIB)","Homo sapiens"
"D2HGDH","Q8N465","","D-2-hydroxyglutarate dehydrogenase(D2HGDH)","Homo sapiens"
"DBI","P07108","","diazepam binding inhibitor, acyl-CoA binding protein(DBI)","Homo sapiens"
"DCTN4","Q9UJW0","","dynactin subunit 4(DCTN4)","Homo sapiens"
"DCUN1D5","Q9BTE7","","defective in cullin neddylation 1 domain containing 5(DCUN1D5)","Homo sapiens"
"DDA1","Q9BW61","","DET1 and DDB1 associated 1(DDA1)","Homo sapiens"
"DDRGK1","Q96HY6","","DDRGK domain containing 1(DDRGK1)","Homo sapiens"
"DDX1","Q92499","","DEAD-box helicase 1(DDX1)","Homo sapiens"
"DDX19A","Q9NUU7","","DEAD-box helicase 19A(DDX19A)","Homo sapiens"
"DDX19B","Q9UMR2","","DEAD-box helicase 19B(DDX19B)","Homo sapiens"
"DEGS2","Q6QHC5","","delta 4-desaturase, sphingolipid 2(DEGS2)","Homo sapiens"
"DENND10","Q8TCE6,Q6NSW5","","DENN domain containing 10(DENND10)","Homo sapiens"
"DENND1B","Q6P3S1","","DENN domain containing 1B(DENND1B)","Homo sapiens"
"DERL1","Q9BUN8","","derlin 1(DERL1)","Homo sapiens"
"DES","P17661","","desmin(DES)","Homo sapiens"
"DHTKD1","Q96HY7","","dehydrogenase E1 and transketolase domain containing 1(DHTKD1)","Homo sapiens"
"DHX16","O60231","","DEAH-box helicase 16(DHX16)","Homo sapiens"
"DHX8","Q14562","","DEAH-box helicase 8(DHX8)","Homo sapiens"
"DIABLO","Q9NR28","","diablo IAP-binding mitochondrial protein(DIABLO)","Homo sapiens"
"DIAPH3","Q9NSV4","","diaphanous related formin 3(DIAPH3)","Homo sapiens"
"DIP2B","Q9P265","","disco interacting protein 2 homolog B(DIP2B)","Homo sapiens"
"DMAP1","Q9NPF5","","DNA methyltransferase 1 associated protein 1(DMAP1)","Homo sapiens"
"DMPK","Q09013","","DM1 protein kinase(DMPK)","Homo sapiens"
"DNAAF5","Q86Y56","","dynein axonemal assembly factor 5(DNAAF5)","Homo sapiens"
"DNAJB1","P25685","","DnaJ heat shock protein family (Hsp40) member B1(DNAJB1)","Homo sapiens"
"DNAJC14","Q6Y2X3","","DnaJ heat shock protein family (Hsp40) member C14(DNAJC14)","Homo sapiens"
"DNAJC17","Q9NVM6","","DnaJ heat shock protein family (Hsp40) member C17(DNAJC17)","Homo sapiens"
"DNMBP","Q6XZF7","","dynamin binding protein(DNMBP)","Homo sapiens"
"DNMT1","P26358","","DNA methyltransferase 1(DNMT1)","Homo sapiens"
"DOCK2","Q92608","","dedicator of cytokinesis 2(DOCK2)","Homo sapiens"
"DOHH","Q9BU89","","deoxyhypusine hydroxylase(DOHH)","Homo sapiens"
"DPP3","Q9NY33","","dipeptidyl peptidase 3(DPP3)","Homo sapiens"
"DPY30","Q9C005","","dpy-30 histone methyltransferase complex regulatory subunit(DPY30)","Homo sapiens"
"DPYSL2","Q16555","","dihydropyrimidinase like 2(DPYSL2)","Homo sapiens"
"DRG2","P55039","","developmentally regulated GTP binding protein 2(DRG2)","Homo sapiens"
"DTNA","Q9Y4J8","","dystrobrevin alpha(DTNA)","Homo sapiens"
"DUS3L","Q96G46","","dihydrouridine synthase 3 like(DUS3L)","Homo sapiens"
"DUSP12","Q9UNI6","","dual specificity phosphatase 12(DUSP12)","Homo sapiens"
"DYNC1H1","Q14204","","dynein cytoplasmic 1 heavy chain 1(DYNC1H1)","Homo sapiens"
"DYNLT1","P63172","","dynein light chain Tctex-type 1(DYNLT1)","Homo sapiens"
"E2F2","Q14209","","E2F transcription factor 2(E2F2)","Homo sapiens"
"E2F3","O00716","","E2F transcription factor 3(E2F3)","Homo sapiens"
"ECH1","Q13011","","enoyl-CoA hydratase 1(ECH1)","Homo sapiens"
"EEF1B2","P24534","","eukaryotic translation elongation factor 1 beta 2(EEF1B2)","Homo sapiens"
"EEF1D","P29692","","eukaryotic translation elongation factor 1 delta(EEF1D)","Homo sapiens"
"EEF1G","P26641","","eukaryotic translation elongation factor 1 gamma(EEF1G)","Homo sapiens"
"EEIG2","Q5T8I3","","EEIG family member 2(EEIG2)","Homo sapiens"
"EFHD1","Q9BUP0","","EF-hand domain family member D1(EFHD1)","Homo sapiens"
"EFHD2","Q96C19","","EF-hand domain family member D2(EFHD2)","Homo sapiens"
"EFL1","Q7Z2Z2","","elongation factor like GTPase 1(EFL1)","Homo sapiens"
"EGFR","P00533","","epidermal growth factor receptor(EGFR)","Homo sapiens"
"EHD1","Q9H4M9","","EH domain containing 1(EHD1)","Homo sapiens"
"EHD3","Q9NZN3","","EH domain containing 3(EHD3)","Homo sapiens"
"EHD4","Q9H223","","EH domain containing 4(EHD4)","Homo sapiens"
"EHHADH","Q08426","","enoyl-CoA hydratase and 3-hydroxyacyl CoA dehydrogenase(EHHADH)","Homo sapiens"
"EIF1","P41567","","eukaryotic translation initiation factor 1(EIF1)","Homo sapiens"
"EIF1AX","P47813","","eukaryotic translation initiation factor 1A X-linked(EIF1AX)","Homo sapiens"
"EIF1AY","O14602","","eukaryotic translation initiation factor 1A Y-linked(EIF1AY)","Homo sapiens"
"EIF1B","O60739","","eukaryotic translation initiation factor 1B(EIF1B)","Homo sapiens"
"EIF2S3","P41091","","eukaryotic translation initiation factor 2 subunit gamma(EIF2S3)","Homo sapiens"
"EIF2S3B","Q2VIR3","","eukaryotic translation initiation factor 2 subunit gamma B(EIF2S3B)","Homo sapiens"
"EIF3F","O00303","","eukaryotic translation initiation factor 3 subunit F(EIF3F)","Homo sapiens"
"EIF3G","O75821","","eukaryotic translation initiation factor 3 subunit G(EIF3G)","Homo sapiens"
"EIF3J","O75822","","eukaryotic translation initiation factor 3 subunit J(EIF3J)","Homo sapiens"
"EIF3M","Q7L2H7","","eukaryotic translation initiation factor 3 subunit M(EIF3M)","Homo sapiens"
"EIF4A1","P60842","","eukaryotic translation initiation factor 4A1(EIF4A1)","Homo sapiens"
"EIF4A2","Q14240","","eukaryotic translation initiation factor 4A2(EIF4A2)","Homo sapiens"
"EIF4G1","Q04637","","eukaryotic translation initiation factor 4 gamma 1(EIF4G1)","Homo sapiens"
"EIF4H","Q15056","","eukaryotic translation initiation factor 4H(EIF4H)","Homo sapiens"
"EIF5A","P63241","","eukaryotic translation initiation factor 5A(EIF5A)","Homo sapiens"
"EIF5A2","Q9GZV4","","eukaryotic translation initiation factor 5A2(EIF5A2)","Homo sapiens"
"EIF5AL1","P63241,Q6IS14","","eukaryotic translation initiation factor 5A like 1(EIF5AL1)","Homo sapiens"
"ELP6","Q0PNE2","","elongator acetyltransferase complex subunit 6(ELP6)","Homo sapiens"
"EMC8","O43402","","ER membrane protein complex subunit 8(EMC8)","Homo sapiens"
"EMD","P50402","","emerin(EMD)","Homo sapiens"
"EML4","Q9HC35","","EMAP like 4(EML4)","Homo sapiens"
"ENO3","P13929","","enolase 3(ENO3)","Homo sapiens"
"ENOPH1","Q9UHY7","","enolase-phosphatase 1(ENOPH1)","Homo sapiens"
"ENY2","Q9NPA8","","ENY2 transcription and export complex 2 subunit(ENY2)","Homo sapiens"
"EPHB3","P54753","","EPH receptor B3(EPHB3)","Homo sapiens"
"EPHB4","P54760","","EPH receptor B4(EPHB4)","Homo sapiens"
"ERAP1","Q9NZ08","","endoplasmic reticulum aminopeptidase 1(ERAP1)","Homo sapiens"
"ERBIN","Q96RT1","","erbb2 interacting protein(ERBIN)","Homo sapiens"
"ERCC5","P28715","","ERCC excision repair 5, endonuclease(ERCC5)","Homo sapiens"
"ESR1","P03372","","estrogen receptor 1(ESR1)","Homo sapiens"
"ETF1","P62495","","eukaryotic translation termination factor 1(ETF1)","Homo sapiens"
"ETS1","P14921","","ETS proto-oncogene 1, transcription factor(ETS1)","Homo sapiens"
"EXOC3","O60645","","exocyst complex component 3(EXOC3)","Homo sapiens"
"EXOC4","Q96A65","","exocyst complex component 4(EXOC4)","Homo sapiens"
"EXOC8","Q8IYI6","","exocyst complex component 8(EXOC8)","Homo sapiens"
"EXOSC1","Q9Y3B2","","exosome component 1(EXOSC1)","Homo sapiens"
"EXOSC6","Q5RKV6","","exosome component 6(EXOSC6)","Homo sapiens"
"EXOSC8","Q96B26","","exosome component 8(EXOSC8)","Homo sapiens"
"EZR","P15311","","ezrin(EZR)","Homo sapiens"
"FAHD1","Q6P587","","fumarylacetoacetate hydrolase domain containing 1(FAHD1)","Homo sapiens"
"FAHD2A","Q96GK7","","fumarylacetoacetate hydrolase domain containing 2A(FAHD2A)","Homo sapiens"
"FAM133A","Q8N9E0","","family with sequence similarity 133 member A(FAM133A)","Homo sapiens"
"FAM133B","Q5BKY9","","family with sequence similarity 133 member B(FAM133B)","Homo sapiens"
"FAM83D","Q9H4H8","","family with sequence similarity 83 member D(FAM83D)","Homo sapiens"
"FANCD2","Q9BXW9","","FA complementation group D2(FANCD2)","Homo sapiens"
"FARSB","Q9NSD9","","phenylalanyl-tRNA synthetase subunit beta(FARSB)","Homo sapiens"
"FBXW11","Q9UKB1","","F-box and WD repeat domain containing 11(FBXW11)","Homo sapiens"
"FERMT3","Q86UX7","","FERM domain containing kindlin 3(FERMT3)","Homo sapiens"
"FHIP2B","Q86V87","","FHF complex subunit HOOK interacting protein 2B(FHIP2B)","Homo sapiens"
"FIG4","Q92562","","FIG4 phosphoinositide 5-phosphatase(FIG4)","Homo sapiens"
"FITM2","Q8N6M3","","fat storage inducing transmembrane protein 2(FITM2)","Homo sapiens"
"FKBP1A","P62942","","FKBP prolyl isomerase 1A(FKBP1A)","Homo sapiens"
"FKBP1C","P62942","","FKBP prolyl isomerase family member 1C(FKBP1C)","Homo sapiens"
"FKBP3","Q00688","","FKBP prolyl isomerase 3(FKBP3)","Homo sapiens"
"FKBP5","Q13451","","FKBP prolyl isomerase 5(FKBP5)","Homo sapiens"
"FLNA","P21333","","filamin A(FLNA)","Homo sapiens"
"FLNB","O75369","","filamin B(FLNB)","Homo sapiens"
"FLNC","Q14315","","filamin C(FLNC)","Homo sapiens"
"FLOT1","O75955","","flotillin 1(FLOT1)","Homo sapiens"
"FMC1-LUC7L2","Q9Y383","","FMC1-LUC7L2 readthrough(FMC1-LUC7L2)","Homo sapiens"
"FRA10AC1","Q70Z53","","FRA10A associated CGG repeat 1(FRA10AC1)","Homo sapiens"
"FREM2","Q5SZK8","","FRAS1 related extracellular matrix 2(FREM2)","Homo sapiens"
"FRG1","Q14331","","FSHD region gene 1(FRG1)","Homo sapiens"
"FSCN1","Q16658","","fascin actin-bundling protein 1(FSCN1)","Homo sapiens"
"G3BP1","Q13283","","G3BP stress granule assembly factor 1(G3BP1)","Homo sapiens"
"G3BP2","Q9UN86","","G3BP stress granule assembly factor 2(G3BP2)","Homo sapiens"
"GAMT","Q14353","","guanidinoacetate N-methyltransferase(GAMT)","Homo sapiens"
"GAPVD1","Q14C86","","GTPase activating protein and VPS9 domains 1(GAPVD1)","Homo sapiens"
"GBE1","Q04446","","1,4-alpha-glucan branching enzyme 1(GBE1)","Homo sapiens"
"GBP1","P32455","","guanylate binding protein 1(GBP1)","Homo sapiens"
"GBP3","Q9H0R5","","guanylate binding protein 3(GBP3)","Homo sapiens"
"GDI1","P31150","","GDP dissociation inhibitor 1(GDI1)","Homo sapiens"
"GGA1","Q9UJY5","","golgi associated, gamma adaptin ear containing, ARF binding protein 1(GGA1)","Homo sapiens"
"GLE1","Q53GS7","","GLE1 RNA export mediator(GLE1)","Homo sapiens"
"GLOD4","Q9HC38","","glyoxalase domain containing 4(GLOD4)","Homo sapiens"
"GLS","O94925","","glutaminase(GLS)","Homo sapiens"
"GMDS","O60547","","GDP-mannose 4,6-dehydratase(GMDS)","Homo sapiens"
"GMPS","P49915","","guanine monophosphate synthase(GMPS)","Homo sapiens"
"GNE","Q9Y223","","glucosamine (UDP-N-acetyl)-2-epimerase/N-acetylmannosamine kinase(GNE)","Homo sapiens"
"GNL1","P36915","","G protein nucleolar 1 (putative)(GNL1)","Homo sapiens"
"GNL3","Q9BVP2","","G protein nucleolar 3(GNL3)","Homo sapiens"
"GNPDA1","P46926","","glucosamine-6-phosphate deaminase 1(GNPDA1)","Homo sapiens"
"GNPDA2","Q8TDQ7","","glucosamine-6-phosphate deaminase 2(GNPDA2)","Homo sapiens"
"GORAB","Q5T7V8","","golgin, RAB6 interacting(GORAB)","Homo sapiens"
"GOSR2","O14653","","golgi SNAP receptor complex member 2(GOSR2)","Homo sapiens"
"GPHN","Q9NQX3","","gephyrin(GPHN)","Homo sapiens"
"GPS1","Q13098","","G protein pathway suppressor 1(GPS1)","Homo sapiens"
"GPSM1","Q86YR5","","G protein signaling modulator 1(GPSM1)","Homo sapiens"
"GRHPR","Q9UBQ7","","glyoxylate and hydroxypyruvate reductase(GRHPR)","Homo sapiens"
"GSDMD","P57764","","gasdermin D(GSDMD)","Homo sapiens"
"GSK3A","P49840","","glycogen synthase kinase 3 alpha(GSK3A)","Homo sapiens"
"GSPT1","P15170","","G1 to S phase transition 1(GSPT1)","Homo sapiens"
"GSR","P00390","","glutathione-disulfide reductase(GSR)","Homo sapiens"
"GTF2B","Q00403","","general transcription factor IIB(GTF2B)","Homo sapiens"
"GTF2H1","P32780","","general transcription factor IIH subunit 1(GTF2H1)","Homo sapiens"
"H2BC10","P62807","","H2B clustered histone 10(H2BC10)","Homo sapiens"
"H2BC12","O60814","","H2B clustered histone 12(H2BC12)","Homo sapiens"
"H2BC12L","P57053","","H2B clustered histone 12 like(H2BC12L)","Homo sapiens"
"H2BC13","Q99880","","H2B clustered histone 13(H2BC13)","Homo sapiens"
"H2BC14","Q99879","","H2B clustered histone 14(H2BC14)","Homo sapiens"
"H2BC15","Q99877","","H2B clustered histone 15(H2BC15)","Homo sapiens"
"H2BC18","Q5QNW6","","H2B clustered histone 18(H2BC18)","Homo sapiens"
"H2BC4","P62807","","H2B clustered histone 4(H2BC4)","Homo sapiens"
"H2BC5","P58876","","H2B clustered histone 5(H2BC5)","Homo sapiens"
"H2BC6","P62807","","H2B clustered histone 6(H2BC6)","Homo sapiens"
"H2BC7","P62807","","H2B clustered histone 7(H2BC7)","Homo sapiens"
"H2BC8","P62807","","H2B clustered histone 8(H2BC8)","Homo sapiens"
"H2BC9","Q93079","","H2B clustered histone 9(H2BC9)","Homo sapiens"
"H6PD","O95479","","hexose-6-phosphate dehydrogenase/glucose 1-dehydrogenase(H6PD)","Homo sapiens"
"HACD3","Q9P035","","3-hydroxyacyl-CoA dehydratase 3(HACD3)","Homo sapiens"
"HAUS4","Q9H6D7","","HAUS augmin like complex subunit 4(HAUS4)","Homo sapiens"
"HAUS6","Q7Z4H7","","HAUS augmin like complex subunit 6(HAUS6)","Homo sapiens"
"HAUS7","Q99871","","HAUS augmin like complex subunit 7(HAUS7)","Homo sapiens"
"HAUS8","Q9BT25","","HAUS augmin like complex subunit 8(HAUS8)","Homo sapiens"
"HBB","P68871","","hemoglobin subunit beta(HBB)","Homo sapiens"
"HBD","P02042","","hypophosphatemic bone disease(HBD)","Homo sapiens"
"HBD","P02042","","hemoglobin subunit delta(HBD)","Homo sapiens"
"HCFC1","P51610","","host cell factor C1(HCFC1)","Homo sapiens"
"HDHD2","Q9H0R4","","haloacid dehalogenase like hydrolase domain containing 2(HDHD2)","Homo sapiens"
"HELLS","Q9NRZ9","","helicase, lymphoid specific(HELLS)","Homo sapiens"
"HERC2","O95714","","HECT and RLD domain containing E3 ubiquitin protein ligase 2(HERC2)","Homo sapiens"
"HERC2P3","Q9BVR0","","HERC2 pseudogene 3(HERC2P3)","Homo sapiens"
"HGH1","Q9BTY7","","HGH1 homolog(HGH1)","Homo sapiens"
"HINT3","Q9NQE9","","histidine triad nucleotide binding protein 3(HINT3)","Homo sapiens"
"HK1","P19367","","hexokinase 1(HK1)","Homo sapiens"
"HK2","P52789","","hexokinase 2(HK2)","Homo sapiens"
"HMCES","Q96FZ2","","5-hydroxymethylcytosine binding, ES cell specific(HMCES)","Homo sapiens"
"HMGB1","P09429","","high mobility group box 1(HMGB1)","Homo sapiens"
"HMGB1P1","B2RPK0","","high mobility group box 1 pseudogene 1(HMGB1P1)","Homo sapiens"
"HOOK1","P19367,Q9UJC3","","hook microtubule tethering protein 1(HOOK1)","Homo sapiens"
"HOXA5","P20719","","homeobox A5(HOXA5)","Homo sapiens"
"HOXB8","P17481","","homeobox B8(HOXB8)","Homo sapiens"
"HOXC8","P31273","","homeobox C8(HOXC8)","Homo sapiens"
"HP1BP3","Q5SSJ5","","heterochromatin protein 1 binding protein 3(HP1BP3)","Homo sapiens"
"HPCAL1","P37235","","hippocalcin like 1(HPCAL1)","Homo sapiens"
"HPF1","Q9NWY4","","histone PARylation factor 1(HPF1)","Homo sapiens"
"HPRT1","P00492","","hypoxanthine phosphoribosyltransferase 1(HPRT1)","Homo sapiens"
"HSD17B10","Q99714","","hydroxysteroid 17-beta dehydrogenase 10(HSD17B10)","Homo sapiens"
"HSD3B7","Q9H2F3","","hydroxy-delta-5-steroid dehydrogenase, 3 beta- and steroid delta-isomerase 7(HSD3B7)","Homo sapiens"
"HSDL1","Q3SXM5","","hydroxysteroid dehydrogenase like 1(HSDL1)","Homo sapiens"
"HSP90AA1","P07900","","heat shock protein 90 alpha family class A member 1(HSP90AA1)","Homo sapiens"
"HSP90AA2P","Q14568","","heat shock protein 90 alpha family class A member 2, pseudogene(HSP90AA2P)","Homo sapiens"
"HSP90AA5P","Q58FG0","","heat shock protein 90 alpha family class A member 5, pseudogene(HSP90AA5P)","Homo sapiens"
"HSP90AB1","P08238","","heat shock protein 90 alpha family class B member 1(HSP90AB1)","Homo sapiens"
"HSP90AB2P","Q58FF8","","heat shock protein 90 alpha family class B member 2, pseudogene(HSP90AB2P)","Homo sapiens"
"HSP90AB3P","Q58FF7","","heat shock protein 90 alpha family class B member 3, pseudogene(HSP90AB3P)","Homo sapiens"
"HSP90AB4P","Q58FF6","","heat shock protein 90 alpha family class B member 4, pseudogene(HSP90AB4P)","Homo sapiens"
"HSP90B1","P14625","","heat shock protein 90 beta family member 1(HSP90B1)","Homo sapiens"
"HSPA1A","P0DMV9,P0DMV8","","heat shock protein family A (Hsp70) member 1A(HSPA1A)","Homo sapiens"
"HSPA1B","P0DMV9","","heat shock protein family A (Hsp70) member 1B(HSPA1B)","Homo sapiens"
"HSPA1L","P34931","","heat shock protein family A (Hsp70) member 1 like(HSPA1L)","Homo sapiens"
"HSPA2","P54652","","heat shock protein family A (Hsp70) member 2(HSPA2)","Homo sapiens"
"HSPA5","P11021","","heat shock protein family A (Hsp70) member 5(HSPA5)","Homo sapiens"
"HSPA6","P17066","","heat shock protein family A (Hsp70) member 6(HSPA6)","Homo sapiens"
"HSPA8","P11142","","heat shock protein family A (Hsp70) member 8(HSPA8)","Homo sapiens"
"HSPB8","Q9UJY1","","heat shock protein family B (small) member 8(HSPB8)","Homo sapiens"
"HTATSF1","O43719","","HIV-1 Tat specific factor 1(HTATSF1)","Homo sapiens"
"HUWE1","Q7Z6Z7","","HECT, UBA and WWE domain containing E3 ubiquitin protein ligase 1(HUWE1)","Homo sapiens"
"IARS1","P41252","","isoleucyl-tRNA synthetase 1(IARS1)","Homo sapiens"
"IDE","P14735","","insulin degrading enzyme(IDE)","Homo sapiens"
"IDI1","Q13907","","isopentenyl-diphosphate delta isomerase 1(IDI1)","Homo sapiens"
"IFI16","Q16666","","interferon gamma inducible protein 16(IFI16)","Homo sapiens"
"IFT122","Q9HBG6","","intraflagellar transport 122(IFT122)","Homo sapiens"
"IGBP1","P78318","","immunoglobulin binding protein 1(IGBP1)","Homo sapiens"
"IGF2BP3","O00425","","insulin like growth factor 2 mRNA binding protein 3(IGF2BP3)","Homo sapiens"
"IGHA2","P01023","","immunoglobulin heavy constant alpha 2 (A2m marker)(IGHA2)","Homo sapiens"
"IKBKB","O14920","","inhibitor of nuclear factor kappa B kinase subunit beta(IKBKB)","Homo sapiens"
"ILF2","Q12905","","interleukin enhancer binding factor 2(ILF2)","Homo sapiens"
"ILF3","Q12906","","interleukin enhancer binding factor 3(ILF3)","Homo sapiens"
"INPP4A","Q96PE3","","inositol polyphosphate-4-phosphatase type I A(INPP4A)","Homo sapiens"
"INTS7","Q9NVH2","","integrator complex subunit 7(INTS7)","Homo sapiens"
"IPO5","O00410","","importin 5(IPO5)","Homo sapiens"
"IRF2BPL","Q9H1B7","","interferon regulatory factor 2 binding protein like(IRF2BPL)","Homo sapiens"
"IRX4","P78413","","iroquois homeobox 4(IRX4)","Homo sapiens"
"IRX5","P78411","","iroquois homeobox 5(IRX5)","Homo sapiens"
"ISG15","P05161","","ISG15 ubiquitin like modifier(ISG15)","Homo sapiens"
"ISY1","Q9ULR0","","ISY1 splicing factor homolog(ISY1)","Homo sapiens"
"ISY1-RAB43","Q9ULR0","","ISY1-RAB43 readthrough(ISY1-RAB43)","Homo sapiens"
"ITGA6","P23229","","integrin subunit alpha 6(ITGA6)","Homo sapiens"
"ITPA","Q9BY32","","inosine triphosphatase(ITPA)","Homo sapiens"
"ITPK1","Q13572","","inositol-tetrakisphosphate 1-kinase(ITPK1)","Homo sapiens"
"IVD","P26440","","isovaleryl-CoA dehydrogenase(IVD)","Homo sapiens"
"IWS1","Q96ST2","","interacts with SUPT6H, CTD assembly factor 1(IWS1)","Homo sapiens"
"JSRP1","Q96MG2","","junctional sarcoplasmic reticulum protein 1(JSRP1)","Homo sapiens"
"KANSL1","Q7Z3B3","","KAT8 regulatory NSL complex subunit 1(KANSL1)","Homo sapiens"
"KHDRBS3","O75525","","KH RNA binding domain containing, signal transduction associated 3(KHDRBS3)","Homo sapiens"
"KIAA0586","Q9BVV6","","KIAA0586(KIAA0586)","Homo sapiens"
"KIF13B","Q9NQT8","","kinesin family member 13B(KIF13B)","Homo sapiens"
"KIF24","Q5T7B8","","kinesin family member 24(KIF24)","Homo sapiens"
"KIF27","Q86VH2","","kinesin family member 27(KIF27)","Homo sapiens"
"KLHL18","O94889","","kelch like family member 18(KLHL18)","Homo sapiens"
"KMT2A","Q03164","","lysine methyltransferase 2A(KMT2A)","Homo sapiens"
"KNTC1","P50748","","kinetochore associated 1(KNTC1)","Homo sapiens"
"KRT33B","Q14525","","keratin 33B(KRT33B)","Homo sapiens"
"KRT7","P08729","","keratin 7(KRT7)","Homo sapiens"
"KRT81","Q14533","","keratin 81(KRT81)","Homo sapiens"
"KRT83","P78385","","keratin 83(KRT83)","Homo sapiens"
"KRT85","P78386","","keratin 85(KRT85)","Homo sapiens"
"KRT86","O43790","","keratin 86(KRT86)","Homo sapiens"
"LACTB","P83111","","lactamase beta(LACTB)","Homo sapiens"
"LAMB3","Q13751","","laminin subunit beta 3(LAMB3)","Homo sapiens"
"LARS1","Q9P2J5","","leucyl-tRNA synthetase 1(LARS1)","Homo sapiens"
"LASP1","Q14847","","LIM and SH3 protein 1(LASP1)","Homo sapiens"
"LBR","Q14739","","lamin B receptor(LBR)","Homo sapiens"
"LCP1","P13796","","lymphocyte cytosolic protein 1(LCP1)","Homo sapiens"
"LDHA","P00338","","lactate dehydrogenase A(LDHA)","Homo sapiens"
"LEMD2","Q8NC56","","LEM domain nuclear envelope protein 2(LEMD2)","Homo sapiens"
"LEMD3","Q9Y2U8","","LEM domain containing 3(LEMD3)","Homo sapiens"
"LENG8","Q96PV6","","leukocyte receptor cluster member 8(LENG8)","Homo sapiens"
"LEO1","Q8WVC0","","LEO1 homolog, Paf1/RNA polymerase II complex component(LEO1)","Homo sapiens"
"LGALS1","P09382","","galectin 1(LGALS1)","Homo sapiens"
"LIMD1","Q9UGP4","","LIM domain containing 1(LIMD1)","Homo sapiens"
"LOC124900586","Q6P996","","putative pyridoxal-dependent decarboxylase domain-containing protein 2(LOC124900586)","Homo sapiens"
"LOC124907421","Q14331","","protein FRG1-like(LOC124907421)","Homo sapiens"
"LOC124908013","Q3ZCM7","","tubulin beta 8B(LOC124908013)","Homo sapiens"
"LOC124908015","Q3ZCM7","","tubulin beta 8B(LOC124908015)","Homo sapiens"
"LOC124908041","Q3ZCM7","","tubulin beta 8B(LOC124908041)","Homo sapiens"
"LONRF2","Q1L5Z9","","LON peptidase N-terminal domain and ring finger 2(LONRF2)","Homo sapiens"
"LRATD2","Q96KN1","","LRAT domain containing 2(LRATD2)","Homo sapiens"
"LRBA","P50851","","LPS responsive beige-like anchor protein(LRBA)","Homo sapiens"
"LRCH1","Q9Y2L9","","leucine rich repeats and calponin homology domain containing 1(LRCH1)","Homo sapiens"
"LRRCC1","Q9C099","","leucine rich repeat and coiled-coil centrosomal protein 1(LRRCC1)","Homo sapiens"
"LSM14A","Q8ND56","","LSM14A mRNA processing body assembly factor(LSM14A)","Homo sapiens"
"LSM4","Q9Y4Z0","","LSM4 homolog, U6 small nuclear RNA and mRNA degradation associated(LSM4)","Homo sapiens"
"LUC7L","Q9NQ29","","LUC7 like(LUC7L)","Homo sapiens"
"LUC7L2","Q9Y383","","LUC7 like 2, pre-mRNA splicing factor(LUC7L2)","Homo sapiens"
"LUC7L3","O95232","","LUC7 like 3 pre-mRNA splicing factor(LUC7L3)","Homo sapiens"
"LZTS3","O60299","","leucine zipper tumor suppressor family member 3(LZTS3)","Homo sapiens"
"MAD1L1","Q9Y6D9","","mitotic arrest deficient 1 like 1(MAD1L1)","Homo sapiens"
"MAN2A2","P49641","","mannosidase alpha class 2A member 2(MAN2A2)","Homo sapiens"
"MANF","P55145","","mesencephalic astrocyte derived neurotrophic factor(MANF)","Homo sapiens"
"MAP1S","Q66K74","","microtubule associated protein 1S(MAP1S)","Homo sapiens"
"MAP2K1","Q02750","","mitogen-activated protein kinase kinase 1(MAP2K1)","Homo sapiens"
"MAP2K2","P36507","","mitogen-activated protein kinase kinase 2(MAP2K2)","Homo sapiens"
"MAP2K7","O14733","","mitogen-activated protein kinase kinase 7(MAP2K7)","Homo sapiens"
"MAP3K20","Q9NYL2","","mitogen-activated protein kinase kinase kinase 20(MAP3K20)","Homo sapiens"
"MAP3K4","Q9Y6R4","","mitogen-activated protein kinase kinase kinase 4(MAP3K4)","Homo sapiens"
"MAP3K7","O43318","","mitogen-activated protein kinase kinase kinase 7(MAP3K7)","Homo sapiens"
"MAP4K4","O95819","","mitogen-activated protein kinase kinase kinase kinase 4(MAP4K4)","Homo sapiens"
"MAP4K5","Q9Y4K4","","mitogen-activated protein kinase kinase kinase kinase 5(MAP4K5)","Homo sapiens"
"MAPK3","P27361","","mitogen-activated protein kinase 3(MAPK3)","Homo sapiens"
"MAPRE1","Q15691","","microtubule associated protein RP/EB family member 1(MAPRE1)","Homo sapiens"
"MAPT","P10636","","microtubule associated protein tau(MAPT)","Homo sapiens"
"MARCHF6","O60337","","membrane associated ring-CH-type finger 6(MARCHF6)","Homo sapiens"
"MARCHF7","Q9H992","","membrane associated ring-CH-type finger 7(MARCHF7)","Homo sapiens"
"MARF1","Q9Y4F3","","meiosis regulator and mRNA stability factor 1(MARF1)","Homo sapiens"
"MARS1","P56192","","methionyl-tRNA synthetase 1(MARS1)","Homo sapiens"
"MAT2B","Q9NZL9","","methionine adenosyltransferase 2 non-catalytic beta subunit(MAT2B)","Homo sapiens"
"MCCC1","Q96RQ3","","methylcrotonyl-CoA carboxylase subunit 1(MCCC1)","Homo sapiens"
"MCL1","Q07820","","MCL1 apoptosis regulator, BCL2 family member(MCL1)","Homo sapiens"
"MCM2","P49736","","minichromosome maintenance complex component 2(MCM2)","Homo sapiens"
"MCM3","P25205","","minichromosome maintenance complex component 3(MCM3)","Homo sapiens"
"MCM4","P33991","","minichromosome maintenance complex component 4(MCM4)","Homo sapiens"
"MCM5","P33992","","minichromosome maintenance complex component 5(MCM5)","Homo sapiens"
"MCM6","Q14566","","minichromosome maintenance complex component 6(MCM6)","Homo sapiens"
"MCM7","P33993","","minichromosome maintenance complex component 7(MCM7)","Homo sapiens"
"MCRIP1","C9JLW8","","MAPK regulated corepressor interacting protein 1(MCRIP1)","Homo sapiens"
"METTL14","Q9HCE5","","methyltransferase 14, N6-adenosine-methyltransferase non-catalytic subunit(METTL14)","Homo sapiens"
"METTL26","Q96S19","","methyltransferase like 26(METTL26)","Homo sapiens"
"MICALL1","Q8N3F8","","MICAL like 1(MICALL1)","Homo sapiens"
"MISP3","Q96FF7","","MISP family member 3(MISP3)","Homo sapiens"
"MKRN2","Q9H000","","makorin ring finger protein 2(MKRN2)","Homo sapiens"
"MLF2","Q15773","","myeloid leukemia factor 2(MLF2)","Homo sapiens"
"MLH1","P40692","","mutL homolog 1(MLH1)","Homo sapiens"
"MMS19","Q96T76","","MMS19 homolog, cytosolic iron-sulfur assembly component(MMS19)","Homo sapiens"
"MPG","P29372","","N-methylpurine DNA glycosylase(MPG)","Homo sapiens"
"MREG","Q8N565","","melanoregulin(MREG)","Homo sapiens"
"MRPL1","Q9BYD6","","mitochondrial ribosomal protein L1(MRPL1)","Homo sapiens"
"MRPL21","Q7Z2W9","","mitochondrial ribosomal protein L21(MRPL21)","Homo sapiens"
"MRPL27","Q9P0M9","","mitochondrial ribosomal protein L27(MRPL27)","Homo sapiens"
"MRPL46","Q9H2W6","","mitochondrial ribosomal protein L46(MRPL46)","Homo sapiens"
"MRPS14","O60783","","mitochondrial ribosomal protein S14(MRPS14)","Homo sapiens"
"MRPS2","Q9Y399","","mitochondrial ribosomal protein S2(MRPS2)","Homo sapiens"
"MRPS9","P82933","","mitochondrial ribosomal protein S9(MRPS9)","Homo sapiens"
"MRRF","Q96E11","","mitochondrial ribosome recycling factor(MRRF)","Homo sapiens"
"MSH6","P52701","","mutS homolog 6(MSH6)","Homo sapiens"
"MSL1","Q68DK7","","MSL complex subunit 1(MSL1)","Homo sapiens"
"MSN","P26038","","moesin(MSN)","Homo sapiens"
"MT-CO2","P00403","","mitochondrially encoded cytochrome c oxidase II(MT-CO2)","Homo sapiens"
"MTA2","O94776","","metastasis associated 1 family member 2(MTA2)","Homo sapiens"
"MTCO2P12","P00403","","MT-CO2 pseudogene 12(MTCO2P12)","Homo sapiens"
"MTHFD1L","Q6UB35","","methylenetetrahydrofolate dehydrogenase (NADP+ dependent) 1 like(MTHFD1L)","Homo sapiens"
"MTIF2","P46199","","mitochondrial translational initiation factor 2(MTIF2)","Homo sapiens"
"MTM1","Q13496","","myotubularin 1(MTM1)","Homo sapiens"
"MTMR6","Q9Y217","","myotubularin related protein 6(MTMR6)","Homo sapiens"
"MTPN","P58546","","myotrophin(MTPN)","Homo sapiens"
"MTX3","Q5HYI7","","metaxin 3(MTX3)","Homo sapiens"
"MUC1","P15941","","mucin 1, cell surface associated(MUC1)","Homo sapiens"
"MVB12A","Q96EY5","","multivesicular body subunit 12A(MVB12A)","Homo sapiens"
"MYH11","P35749","","myosin heavy chain 11(MYH11)","Homo sapiens"
"MYH9","P35579","","myosin heavy chain 9(MYH9)","Homo sapiens"
"MYL1","P05976","","myosin light chain 1(MYL1)","Homo sapiens"
"MYL3","P08590","","myosin light chain 3(MYL3)","Homo sapiens"
"MYO19","Q96H55","","myosin XIX(MYO19)","Homo sapiens"
"MYO5A","Q9Y4I1","","myosin VA(MYO5A)","Homo sapiens"
"MYO5B","Q9ULV0","","myosin VB(MYO5B)","Homo sapiens"
"MYOF","Q9NZM1","","myoferlin(MYOF)","Homo sapiens"
"N4BP1","O75113","","NEDD4 binding protein 1(N4BP1)","Homo sapiens"
"N4BP3","O15049","","NEDD4 binding protein 3(N4BP3)","Homo sapiens"
"NAA10","P41227","","N-alpha-acetyltransferase 10, NatA catalytic subunit(NAA10)","Homo sapiens"
"NAA11","Q9BSU3","","N-alpha-acetyltransferase 11, NatA catalytic subunit(NAA11)","Homo sapiens"
"NAA15","Q9BXJ9","","N-alpha-acetyltransferase 15, NatA auxiliary subunit(NAA15)","Homo sapiens"
"NAA16","Q6N069","","N-alpha-acetyltransferase 16, NatA auxiliary subunit(NAA16)","Homo sapiens"
"NACA","E9PAV3,Q13765","","nascent polypeptide associated complex subunit alpha(NACA)","Homo sapiens"
"NAP1L1","P55209","","nucleosome assembly protein 1 like 1(NAP1L1)","Homo sapiens"
"NAP1L4","Q99733","","nucleosome assembly protein 1 like 4(NAP1L4)","Homo sapiens"
"NAPA","P54920","","NSF attachment protein alpha(NAPA)","Homo sapiens"
"NAPB","Q9H115","","NSF attachment protein beta(NAPB)","Homo sapiens"
"NAPG","Q99747","","NSF attachment protein gamma(NAPG)","Homo sapiens"
"NARS1","O43776","","asparaginyl-tRNA synthetase 1(NARS1)","Homo sapiens"
"NCBP1","Q09161","","nuclear cap binding protein subunit 1(NCBP1)","Homo sapiens"
"NCK1","P16333","","NCK adaptor protein 1(NCK1)","Homo sapiens"
"NCK2","O43639","","NCK adaptor protein 2(NCK2)","Homo sapiens"
"NCKAP5L","Q9HCH0","","NCK associated protein 5 like(NCKAP5L)","Homo sapiens"
"NCKIPSD","Q9NZQ3","","NCK interacting protein with SH3 domain(NCKIPSD)","Homo sapiens"
"NDC80","O14777","","NDC80 kinetochore complex component(NDC80)","Homo sapiens"
"NDRG3","Q9UGV2","","NDRG family member 3(NDRG3)","Homo sapiens"
"NDUFA13","Q9P0J0","","NADH:ubiquinone oxidoreductase subunit A13(NDUFA13)","Homo sapiens"
"NDUFA5","Q16718","","NADH:ubiquinone oxidoreductase subunit A5(NDUFA5)","Homo sapiens"
"NDUFB6","O95139","","NADH:ubiquinone oxidoreductase subunit B6(NDUFB6)","Homo sapiens"
"NECAP2","Q9NVZ3","","NECAP endocytosis associated 2(NECAP2)","Homo sapiens"
"NEDD1","Q8NHV4","","NEDD1 gamma-tubulin ring complex targeting factor(NEDD1)","Homo sapiens"
"NEDD4","P46934","","NEDD4 E3 ubiquitin protein ligase(NEDD4)","Homo sapiens"
"NEK2","P51955","","NIMA related kinase 2(NEK2)","Homo sapiens"
"NEK9","Q8TD19","","NIMA related kinase 9(NEK9)","Homo sapiens"
"NELFB","Q8WX92","","negative elongation factor complex member B(NELFB)","Homo sapiens"
"NELFE","P18615","","negative elongation factor complex member E(NELFE)","Homo sapiens"
"NEMF","O60524","","nuclear export mediator factor(NEMF)","Homo sapiens"
"NEPRO","Q6NW34","","nucleolus and neural progenitor protein(NEPRO)","Homo sapiens"
"NGLY1","Q96IV0","","N-glycanase 1(NGLY1)","Homo sapiens"
"NME1","P15531","","NME/NM23 nucleoside diphosphate kinase 1(NME1)","Homo sapiens"
"NME2","P22392","","NME/NM23 nucleoside diphosphate kinase 2(NME2)","Homo sapiens"
"NME2P1","O60361","","NME2 pseudogene 1(NME2P1)","Homo sapiens"
"NME7","Q9Y5B8","","NME/NM23 family member 7(NME7)","Homo sapiens"
"NMT1","P30419","","N-myristoyltransferase 1(NMT1)","Homo sapiens"
"NR4A1","P22736","","nuclear receptor subfamily 4 group A member 1(NR4A1)","Homo sapiens"
"NRBF2","Q96F24","","nuclear receptor binding factor 2(NRBF2)","Homo sapiens"
"NSMCE1","Q8WV22","","NSE1 homolog, SMC5-SMC6 complex component(NSMCE1)","Homo sapiens"
"NSMCE2","Q96MF7","","NSE2 (MMS21) homolog, SMC5-SMC6 complex SUMO ligase(NSMCE2)","Homo sapiens"
"NSMCE3","Q96MG7","","NSE3 homolog, SMC5-SMC6 complex component(NSMCE3)","Homo sapiens"
"NSMCE4A","Q9NXX6","","NSE4 homolog A, SMC5-SMC6 complex component(NSMCE4A)","Homo sapiens"
"NT5C2","P49902","","5'-nucleotidase, cytosolic II(NT5C2)","Homo sapiens"
"NT5E","P21589","","5'-nucleotidase ecto(NT5E)","Homo sapiens"
"NUB1","Q9Y5A7","","negative regulator of ubiquitin like proteins 1(NUB1)","Homo sapiens"
"NUDC","Q9Y266","","nuclear distribution C, dynein complex regulator(NUDC)","Homo sapiens"
"NUDCD2","Q8WVJ2","","NudC domain containing 2(NUDCD2)","Homo sapiens"
"NUDT1","P36639","","nudix hydrolase 1(NUDT1)","Homo sapiens"
"NUDT12","Q9BQG2","","nudix hydrolase 12(NUDT12)","Homo sapiens"
"NUDT21","O43809","","nudix hydrolase 21(NUDT21)","Homo sapiens"
"NUMA1","Q14980","","nuclear mitotic apparatus protein 1(NUMA1)","Homo sapiens"
"NUP155","O75694","","nucleoporin 155(NUP155)","Homo sapiens"
"NUP188","Q5SRE5","","nucleoporin 188(NUP188)","Homo sapiens"
"NUP35","Q8NFH5","","nucleoporin 35(NUP35)","Homo sapiens"
"NUP58","Q9BVL2","","nucleoporin 58(NUP58)","Homo sapiens"
"NUP62","P37198","","nucleoporin 62(NUP62)","Homo sapiens"
"NXN","Q6DKJ4","","nucleoredoxin(NXN)","Homo sapiens"
"OAS2","P29728","","2'-5'-oligoadenylate synthetase 2(OAS2)","Homo sapiens"
"OAS3","Q9Y6K5","","2'-5'-oligoadenylate synthetase 3(OAS3)","Homo sapiens"
"OGT","O15294","","O-linked N-acetylglucosamine (GlcNAc) transferase(OGT)","Homo sapiens"
"ORC4","O43929","","origin recognition complex subunit 4(ORC4)","Homo sapiens"
"OSBP","P22059","","oxysterol binding protein(OSBP)","Homo sapiens"
"OSGEP","Q9NPF4","","O-sialoglycoprotein endopeptidase(OSGEP)","Homo sapiens"
"OSTF1","Q92882","","osteoclast stimulating factor 1(OSTF1)","Homo sapiens"
"OTUD4","Q01804","","OTU deubiquitinase 4(OTUD4)","Homo sapiens"
"OTULIN","Q96BN8","","OTU deubiquitinase with linear linkage specificity(OTULIN)","Homo sapiens"
"OXCT1","P55809","","3-oxoacid CoA-transferase 1(OXCT1)","Homo sapiens"
"PAAF1","Q9BRP4","","proteasomal ATPase associated factor 1(PAAF1)","Homo sapiens"
"PABPC1","P11940","","poly(A) binding protein cytoplasmic 1(PABPC1)","Homo sapiens"
"PABPC4","Q13310","","poly(A) binding protein cytoplasmic 4(PABPC4)","Homo sapiens"
"PABPC4L","P0CB38","","poly(A) binding protein cytoplasmic 4 like(PABPC4L)","Homo sapiens"
"PACSIN2","Q9UNF0","","protein kinase C and casein kinase substrate in neurons 2(PACSIN2)","Homo sapiens"
"PAFAH1B2","P68402","","platelet activating factor acetylhydrolase 1b catalytic subunit 2(PAFAH1B2)","Homo sapiens"
"PAFAH1B3","Q15102","","platelet activating factor acetylhydrolase 1b catalytic subunit 3(PAFAH1B3)","Homo sapiens"
"PAK4","O96013","","p21 (RAC1) activated kinase 4(PAK4)","Homo sapiens"
"PAPSS1","O43252","","3'-phosphoadenosine 5'-phosphosulfate synthase 1(PAPSS1)","Homo sapiens"
"PARD6B","Q9BYG5","","par-6 family cell polarity regulator beta(PARD6B)","Homo sapiens"
"PARG","Q86W56","","poly(ADP-ribose) glycohydrolase(PARG)","Homo sapiens"
"PARP1","P09874","","poly(ADP-ribose) polymerase 1(PARP1)","Homo sapiens"
"PARP12","Q9H0J9","","poly(ADP-ribose) polymerase family member 12(PARP12)","Homo sapiens"
"PARP14","Q460N5","","poly(ADP-ribose) polymerase family member 14(PARP14)","Homo sapiens"
"PARP4","Q9UKK3","","poly(ADP-ribose) polymerase family member 4(PARP4)","Homo sapiens"
"PAXBP1","Q9Y5B6","","PAX3 and PAX7 binding protein 1(PAXBP1)","Homo sapiens"
"PCBP1","Q15365","","poly(rC) binding protein 1(PCBP1)","Homo sapiens"
"PCID2","Q5JVF3","","PCI domain containing 2(PCID2)","Homo sapiens"
"PDCD4","Q53EL6","","programmed cell death 4(PDCD4)","Homo sapiens"
"PDE3B","Q13370","","phosphodiesterase 3B(PDE3B)","Homo sapiens"
"PDHA1","P08559","","pyruvate dehydrogenase E1 subunit alpha 1(PDHA1)","Homo sapiens"
"PDLIM5","Q96HC4","","PDZ and LIM domain 5(PDLIM5)","Homo sapiens"
"PDLIM7","Q9NR12","","PDZ and LIM domain 7(PDLIM7)","Homo sapiens"
"PDXDC1","Q6P996","","pyridoxal dependent decarboxylase domain containing 1(PDXDC1)","Homo sapiens"
"PDXDC2P-NPIPB14P","Q6P474","","PDXDC2P-NPIPB14P readthrough, transcribed pseudogene(PDXDC2P-NPIPB14P)","Homo sapiens"
"PEA15","Q15121","","proliferation and apoptosis adaptor protein 15(PEA15)","Homo sapiens"
"PEBP1","P30086","","phosphatidylethanolamine binding protein 1(PEBP1)","Homo sapiens"
"PECR","Q9BY49","","peroxisomal trans-2-enoyl-CoA reductase(PECR)","Homo sapiens"
"PEX13","Q92968","","peroxisomal biogenesis factor 13(PEX13)","Homo sapiens"
"PFKL","P17858","","phosphofructokinase, liver type(PFKL)","Homo sapiens"
"PFKP","Q01813","","phosphofructokinase, platelet(PFKP)","Homo sapiens"
"PFN1","P07737","","profilin 1(PFN1)","Homo sapiens"
"PGAM1","P18669","","phosphoglycerate mutase 1(PGAM1)","Homo sapiens"
"PGAM2","P15259","","phosphoglycerate mutase 2(PGAM2)","Homo sapiens"
"PGK1","P00558","","phosphoglycerate kinase 1(PGK1)","Homo sapiens"
"PGK2","P07205","","phosphoglycerate kinase 2(PGK2)","Homo sapiens"
"PGLS","O95336","","6-phosphogluconolactonase(PGLS)","Homo sapiens"
"PGM1","P36871","","phosphoglucomutase 1(PGM1)","Homo sapiens"
"PGM5","Q15124","","phosphoglucomutase 5(PGM5)","Homo sapiens"
"PGR","P06401","","progesterone receptor(PGR)","Homo sapiens"
"PGRMC2","O15173","","progesterone receptor membrane component 2(PGRMC2)","Homo sapiens"
"PHF14","O94880","","PHD finger protein 14(PHF14)","Homo sapiens"
"PHF23","Q9BUL5","","PHD finger protein 23(PHF23)","Homo sapiens"
"PHF3","Q92576","","PHD finger protein 3(PHF3)","Homo sapiens"
"PHRF1","Q9P1Y6","","PHD and ring finger domains 1(PHRF1)","Homo sapiens"
"PIK3C2A","O00443","","phosphatidylinositol-4-phosphate 3-kinase catalytic subunit type 2 alpha(PIK3C2A)","Homo sapiens"
"PIK3C3","Q8NEB9","","phosphatidylinositol 3-kinase catalytic subunit type 3(PIK3C3)","Homo sapiens"
"PIK3CA","P42336","","phosphatidylinositol-4,5-bisphosphate 3-kinase catalytic subunit alpha(PIK3CA)","Homo sapiens"
"PIK3R1","P27986","","phosphoinositide-3-kinase regulatory subunit 1(PIK3R1)","Homo sapiens"
"PIN1","Q13526","","peptidylprolyl cis/trans isomerase, NIMA-interacting 1(PIN1)","Homo sapiens"
"PIN4","Q9Y237","","peptidylprolyl cis/trans isomerase, NIMA-interacting 4(PIN4)","Homo sapiens"
"PIP4K2A","P48426","","phosphatidylinositol-5-phosphate 4-kinase type 2 alpha(PIP4K2A)","Homo sapiens"
"PKNOX1","P55347","","PBX/knotted 1 homeobox 1(PKNOX1)","Homo sapiens"
"PKNOX2","Q96KN3","","PBX/knotted 1 homeobox 2(PKNOX2)","Homo sapiens"
"PLCH1","Q4KWH8","","phospholipase C eta 1(PLCH1)","Homo sapiens"
"PLEKHA1","Q9HB21","","pleckstrin homology domain containing A1(PLEKHA1)","Homo sapiens"
"PLEKHG4","Q58EX7","","pleckstrin homology and RhoGEF domain containing G4(PLEKHG4)","Homo sapiens"
"PLOD1","Q02809","","procollagen-lysine,2-oxoglutarate 5-dioxygenase 1(PLOD1)","Homo sapiens"
"PLRG1","O43660","","pleiotropic regulator 1(PLRG1)","Homo sapiens"
"PLS3","P13797","","plastin 3(PLS3)","Homo sapiens"
"PML","P29590","","PML nuclear body scaffold(PML)","Homo sapiens"
"PMM2","O15305","","phosphomannomutase 2(PMM2)","Homo sapiens"
"PNN","Q9H307","","pinin, desmosome associated protein(PNN)","Homo sapiens"
"PNPLA8","Q9NP80","","patatin like domain 8, phospholipase A2(PNPLA8)","Homo sapiens"
"PNPT1","Q8TCS8","","polyribonucleotide nucleotidyltransferase 1(PNPT1)","Homo sapiens"
"POC1A","Q8NBT0","","POC1 centriolar protein A(POC1A)","Homo sapiens"
"POC5","Q8NA72","","POC5 centriolar protein(POC5)","Homo sapiens"
"POLL","Q9UGP5","","DNA polymerase lambda(POLL)","Homo sapiens"
"POLR2B","P30876","","RNA polymerase II subunit B(POLR2B)","Homo sapiens"
"POLR3E","Q9NVU0","","RNA polymerase III subunit E(POLR3E)","Homo sapiens"
"POP7","O75817","","POP7 homolog, ribonuclease P/MRP subunit(POP7)","Homo sapiens"
"POTEE","Q6S8J3","","POTE ankyrin domain family member E(POTEE)","Homo sapiens"
"POTEF","A5A3E0","","POTE ankyrin domain family member F(POTEF)","Homo sapiens"
"POTEI","P0CG38","","POTE ankyrin domain family member I(POTEI)","Homo sapiens"
"POTEJ","P0CG39","","POTE ankyrin domain family member J(POTEJ)","Homo sapiens"
"POTEKP","Q9BYX7","","POTE ankyrin domain family member K, pseudogene(POTEKP)","Homo sapiens"
"PPA1","Q15181","","inorganic pyrophosphatase 1(PPA1)","Homo sapiens"
"PPHLN1","Q8NEY8","","periphilin 1(PPHLN1)","Homo sapiens"
"PPIA","P62937","","peptidylprolyl isomerase A(PPIA)","Homo sapiens"
"PPIB","P23284","","peptidylprolyl isomerase B(PPIB)","Homo sapiens"
"PPIH","O43447","","peptidylprolyl isomerase H(PPIH)","Homo sapiens"
"PPM1A","P35813","","protein phosphatase, Mg2+/Mn2+ dependent 1A(PPM1A)","Homo sapiens"
"PPME1","Q9Y570","","protein phosphatase methylesterase 1(PPME1)","Homo sapiens"
"PPP1R15B","Q5SWA1","","protein phosphatase 1 regulatory subunit 15B(PPP1R15B)","Homo sapiens"
"PPP1R18","Q6NYC8","","protein phosphatase 1 regulatory subunit 18(PPP1R18)","Homo sapiens"
"PPP2R5C","Q13362","","protein phosphatase 2 regulatory subunit B'gamma(PPP2R5C)","Homo sapiens"
"PPP2R5D","Q14738","","protein phosphatase 2 regulatory subunit B'delta(PPP2R5D)","Homo sapiens"
"PPP3CA","Q08209","","protein phosphatase 3 catalytic subunit alpha(PPP3CA)","Homo sapiens"
"PPP3CB","P16298","","protein phosphatase 3 catalytic subunit beta(PPP3CB)","Homo sapiens"
"PPP3CC","P48454","","protein phosphatase 3 catalytic subunit gamma(PPP3CC)","Homo sapiens"
"PPP4R3A","Q6IN85","","protein phosphatase 4 regulatory subunit 3A(PPP4R3A)","Homo sapiens"
"PPP4R3B","Q5MIZ7","","protein phosphatase 4 regulatory subunit 3B(PPP4R3B)","Homo sapiens"
"PPP6C","O00743","","protein phosphatase 6 catalytic subunit(PPP6C)","Homo sapiens"
"PPP6R1","Q9UPN7","","protein phosphatase 6 regulatory subunit 1(PPP6R1)","Homo sapiens"
"PPP6R3","Q5H9R7","","protein phosphatase 6 regulatory subunit 3(PPP6R3)","Homo sapiens"
"PRDM16","Q9HAZ2","","PR/SET domain 16(PRDM16)","Homo sapiens"
"PREX1","Q8TCU6","","phosphatidylinositol-3,4,5-trisphosphate dependent Rac exchange factor 1(PREX1)","Homo sapiens"
"PRIM1","P49642","","DNA primase subunit 1(PRIM1)","Homo sapiens"
"PRKAB1","Q9Y478","","protein kinase AMP-activated non-catalytic subunit beta 1(PRKAB1)","Homo sapiens"
"PRKACA","P17612","","protein kinase cAMP-activated catalytic subunit alpha(PRKACA)","Homo sapiens"
"PRKACB","P22694,P17612","","protein kinase cAMP-activated catalytic subunit beta(PRKACB)","Homo sapiens"
"PRKCA","P17252","","protein kinase C alpha(PRKCA)","Homo sapiens"
"PRKCB","P05771","","protein kinase C beta(PRKCB)","Homo sapiens"
"PRKCI","P41743","","protein kinase C iota(PRKCI)","Homo sapiens"
"PRKDC","P78527","","protein kinase, DNA-activated, catalytic subunit(PRKDC)","Homo sapiens"
"PRPF8","Q6P2Q9","","pre-mRNA processing factor 8(PRPF8)","Homo sapiens"
"PRPS1","P60891","","phosphoribosyl pyrophosphate synthetase 1(PRPS1)","Homo sapiens"
"PRPS2","P11908","","phosphoribosyl pyrophosphate synthetase 2(PRPS2)","Homo sapiens"
"PRRC2A","P48634","","proline rich coiled-coil 2A(PRRC2A)","Homo sapiens"
"PSAT1","Q9Y617","","phosphoserine aminotransferase 1(PSAT1)","Homo sapiens"
"PSMA4","P25789","","proteasome 20S subunit alpha 4(PSMA4)","Homo sapiens"
"PSMA7","O14818","","proteasome 20S subunit alpha 7(PSMA7)","Homo sapiens"
"PSMB3","P49720","","proteasome 20S subunit beta 3(PSMB3)","Homo sapiens"
"PSMB8","P28062","","proteasome 20S subunit beta 8(PSMB8)","Homo sapiens"
"PSMB9","P28065","","proteasome 20S subunit beta 9(PSMB9)","Homo sapiens"
"PSMC2","P35998","","proteasome 26S subunit, ATPase 2(PSMC2)","Homo sapiens"
"PSMC3","P17980","","proteasome 26S subunit, ATPase 3(PSMC3)","Homo sapiens"
"PSMD11","O00231","","proteasome 26S subunit, non-ATPase 11(PSMD11)","Homo sapiens"
"PSMD14","O00487","","proteasome 26S subunit, non-ATPase 14(PSMD14)","Homo sapiens"
"PSMD3","O43242","","proteasome 26S subunit, non-ATPase 3(PSMD3)","Homo sapiens"
"PSMD9","O00233","","proteasome 26S subunit, non-ATPase 9(PSMD9)","Homo sapiens"
"PSME3","P61289","","proteasome activator subunit 3(PSME3)","Homo sapiens"
"PSMG2","Q969U7","","proteasome assembly chaperone 2(PSMG2)","Homo sapiens"
"PTBP1","P26599","","polypyrimidine tract binding protein 1(PTBP1)","Homo sapiens"
"PTBP2","Q9UKA9","","polypyrimidine tract binding protein 2(PTBP2)","Homo sapiens"
"PTGES3","Q15185","","prostaglandin E synthase 3(PTGES3)","Homo sapiens"
"PUF60","Q9UHX1","","poly(U) binding splicing factor 60(PUF60)","Homo sapiens"
"PUS1","Q9Y606","","pseudouridine synthase 1(PUS1)","Homo sapiens"
"PYGB","P11216","","glycogen phosphorylase B(PYGB)","Homo sapiens"
"PYHIN1","Q6K0P9","","pyrin and HIN domain family member 1(PYHIN1)","Homo sapiens"
"PZP","P20742","","PZP alpha-2-macroglobulin like(PZP)","Homo sapiens"
"QARS1","P47897","","glutaminyl-tRNA synthetase 1(QARS1)","Homo sapiens"
"QPRT","Q15274","","quinolinate phosphoribosyltransferase(QPRT)","Homo sapiens"
"RAB15","P59190","","RAB15, member RAS oncogene family(RAB15)","Homo sapiens"
"RAB24","Q969Q5","","RAB24, member RAS oncogene family(RAB24)","Homo sapiens"
"RAB33B","O95347","","RAB33B, member RAS oncogene family(RAB33B)","Homo sapiens"
"RAB35","Q15286","","RAB35, member RAS oncogene family(RAB35)","Homo sapiens"
"RAB5B","P61020","","RAB5B, member RAS oncogene family(RAB5B)","Homo sapiens"
"RAB5C","P51148","","RAB5C, member RAS oncogene family(RAB5C)","Homo sapiens"
"RANBP2","P49792","","RAN binding protein 2(RANBP2)","Homo sapiens"
"RANBP6","O60518","","RAN binding protein 6(RANBP6)","Homo sapiens"
"RANBP9","Q96S59","","RAN binding protein 9(RANBP9)","Homo sapiens"
"RAP1A","P62834","","RAP1A, member of RAS oncogene family(RAP1A)","Homo sapiens"
"RAP1B","P61224","","RAP1B, member of RAS oncogene family(RAP1B)","Homo sapiens"
"RAP1BL","A6NIZ1","","RAP1B like (pseudogene)(RAP1BL)","Homo sapiens"
"RASAL1","O95294","","RAS protein activator like 1(RASAL1)","Homo sapiens"
"RBBP4","Q09028","","RB binding protein 4, chromatin remodeling factor(RBBP4)","Homo sapiens"
"RBBP6","Q7Z6E9","","RB binding protein 6, ubiquitin ligase(RBBP6)","Homo sapiens"
"RBBP7","Q16576","","RB binding protein 7, chromatin remodeling factor(RBBP7)","Homo sapiens"
"RBM26","Q5T8P6","","RNA binding motif protein 26(RBM26)","Homo sapiens"
"RBM3","P98179","","RNA binding motif protein 3(RBM3)","Homo sapiens"
"RBM39","Q14498","","RNA binding motif protein 39(RBM39)","Homo sapiens"
"RBM42","Q9BTD8","","RNA binding motif protein 42(RBM42)","Homo sapiens"
"RBM47","A0AV96","","RNA binding motif protein 47(RBM47)","Homo sapiens"
"RBMS2","Q15434","","RNA binding motif single stranded interacting protein 2(RBMS2)","Homo sapiens"
"RBMX2","Q9Y388","","RNA binding motif protein X-linked 2(RBMX2)","Homo sapiens"
"RCOR1","Q9UKL0","","REST corepressor 1(RCOR1)","Homo sapiens"
"RDX","P35241","","radixin(RDX)","Homo sapiens"
"RELA","Q04206","","RELA proto-oncogene, NF-kB subunit(RELA)","Homo sapiens"
"RESF1","Q9HCM1","","retroelement silencing factor 1(RESF1)","Homo sapiens"
"RETSAT","Q6NUM9","","retinol saturase(RETSAT)","Homo sapiens"
"RFC1","P35251","","replication factor C subunit 1(RFC1)","Homo sapiens"
"RFC3","P40938","","replication factor C subunit 3(RFC3)","Homo sapiens"
"RFC5","P40937","","replication factor C subunit 5(RFC5)","Homo sapiens"
"RGPD1","P0DJD0","","RANBP2 like and GRIP domain containing 1(RGPD1)","Homo sapiens"
"RGPD2","P0DJD1","","RANBP2 like and GRIP domain containing 2(RGPD2)","Homo sapiens"
"RGPD3","A6NKT7","","RANBP2 like and GRIP domain containing 3(RGPD3)","Homo sapiens"
"RGPD4","Q7Z3J3,A6NKT7","","RANBP2 like and GRIP domain containing 4(RGPD4)","Homo sapiens"
"RGPD5","A6NKT7,Q99666","","RANBP2 like and GRIP domain containing 5(RGPD5)","Homo sapiens"
"RGPD6","O14715,Q99666","","RANBP2 like and GRIP domain containing 6(RGPD6)","Homo sapiens"
"RGPD8","O14715","","RANBP2 like and GRIP domain containing 8(RGPD8)","Homo sapiens"
"RHOG","P84095","","ras homolog family member G(RHOG)","Homo sapiens"
"RIC8A","Q9NPQ8","","RIC8 guanine nucleotide exchange factor A(RIC8A)","Homo sapiens"
"RIPK1","Q13546","","receptor interacting serine/threonine kinase 1(RIPK1)","Homo sapiens"
"RMC1","Q96DM3","","regulator of MON1-CCZ1(RMC1)","Homo sapiens"
"RNASEH2A","O75792","","ribonuclease H2 subunit A(RNASEH2A)","Homo sapiens"
"RNASEH2C","Q8TDP1","","ribonuclease H2 subunit C(RNASEH2C)","Homo sapiens"
"RNF31","Q96EP0","","ring finger protein 31(RNF31)","Homo sapiens"
"RNH1","P13489","","ribonuclease/angiogenin inhibitor 1(RNH1)","Homo sapiens"
"RPA2","P15927","","replication protein A2(RPA2)","Homo sapiens"
"RPIA","P49247","","ribose 5-phosphate isomerase A(RPIA)","Homo sapiens"
"RPL13A","P40429","","ribosomal protein L13a(RPL13A)","Homo sapiens"
"RPL13AP3","Q6NVV1","","ribosomal protein L13a pseudogene 3(RPL13AP3)","Homo sapiens"
"RPL31","P62899","","ribosomal protein L31(RPL31)","Homo sapiens"
"RPL36","Q9Y3U8","","ribosomal protein L36(RPL36)","Homo sapiens"
"RPL5","P46777","","ribosomal protein L5(RPL5)","Homo sapiens"
"RPLP0","P05388","","ribosomal protein lateral stalk subunit P0(RPLP0)","Homo sapiens"
"RPLP0P6","Q8NHW5","","ribosomal protein lateral stalk subunit P0 pseudogene 6(RPLP0P6)","Homo sapiens"
"RPRD1A","Q96P16","","regulation of nuclear pre-mRNA domain containing 1A(RPRD1A)","Homo sapiens"
"RPRD1B","Q9NQG5","","regulation of nuclear pre-mRNA domain containing 1B(RPRD1B)","Homo sapiens"
"RPS10","P46783","","ribosomal protein S10(RPS10)","Homo sapiens"
"RPS14","P62263","","ribosomal protein S14(RPS14)","Homo sapiens"
"RPS16","P62249","","ribosomal protein S16(RPS16)","Homo sapiens"
"RPS17","P08708","","ribosomal protein S17(RPS17)","Homo sapiens"
"RPS18","P62269","","ribosomal protein S18(RPS18)","Homo sapiens"
"RPS25","P62851","","ribosomal protein S25(RPS25)","Homo sapiens"
"RPS27","P42677","","ribosomal protein S27(RPS27)","Homo sapiens"
"RPS4X","P62701","","ribosomal protein S4 X-linked(RPS4X)","Homo sapiens"
"RPS4Y2","Q8TD47","","ribosomal protein S4 Y-linked 2(RPS4Y2)","Homo sapiens"
"RPS5","P46782","","ribosomal protein S5(RPS5)","Homo sapiens"
"RPS6KA1","Q15418","","ribosomal protein S6 kinase A1(RPS6KA1)","Homo sapiens"
"RPS6KA2","Q15349","","ribosomal protein S6 kinase A2(RPS6KA2)","Homo sapiens"
"RPS6KA3","P51812","","ribosomal protein S6 kinase A3(RPS6KA3)","Homo sapiens"
"RPS6KA6","Q9UK32","","ribosomal protein S6 kinase A6(RPS6KA6)","Homo sapiens"
"RPS8","P62241","","ribosomal protein S8(RPS8)","Homo sapiens"
"RPSA","P08865","","ribosomal protein SA(RPSA)","Homo sapiens"
"RRAGB","Q5VZM2","","Ras related GTP binding B(RRAGB)","Homo sapiens"
"RRAGC","Q9HB90","","Ras related GTP binding C(RRAGC)","Homo sapiens"
"RRAGD","Q9NQL2","","Ras related GTP binding D(RRAGD)","Homo sapiens"
"RRBP1","Q9P2E9","","ribosome binding protein 1(RRBP1)","Homo sapiens"
"RRM1","P23921","","ribonucleotide reductase catalytic subunit M1(RRM1)","Homo sapiens"
"RRM2","P31350","","ribonucleotide reductase regulatory subunit M2(RRM2)","Homo sapiens"
"RRM2B","Q7LG56","","ribonucleotide reductase regulatory TP53 inducible subunit M2B(RRM2B)","Homo sapiens"
"RTRAF","Q9Y224","","RNA transcription, translation and transport factor(RTRAF)","Homo sapiens"
"RTTN","Q86VV8","","rotatin(RTTN)","Homo sapiens"
"SAAL1","Q96ER3","","serum amyloid A like 1(SAAL1)","Homo sapiens"
"SAMD9","Q5K651","","sterile alpha motif domain containing 9(SAMD9)","Homo sapiens"
"SAR1A","Q9NR31","","secretion associated Ras related GTPase 1A(SAR1A)","Homo sapiens"
"SAR1B","Q9Y6B6","","secretion associated Ras related GTPase 1B(SAR1B)","Homo sapiens"
"SARNP","P82979","","SAP domain containing ribonucleoprotein(SARNP)","Homo sapiens"
"SART1","O43290","","spliceosome associated factor 1, recruiter of U4/U6.U5 tri-snRNP(SART1)","Homo sapiens"
"SASS6","Q6UVJ0","","SAS-6 centriolar assembly protein(SASS6)","Homo sapiens"
"SBNO1","A3KN83","","strawberry notch homolog 1(SBNO1)","Homo sapiens"
"SCAF4","O95104","","SR-related CTD associated factor 4(SCAF4)","Homo sapiens"
"SCAF8","Q9UPN6","","SR-related CTD associated factor 8(SCAF8)","Homo sapiens"
"SCAMP2","O15127","","secretory carrier membrane protein 2(SCAMP2)","Homo sapiens"
"SCCPDH","Q8NBX0","","saccharopine dehydrogenase (putative)(SCCPDH)","Homo sapiens"
"SCFD1","Q8WVM8","","sec1 family domain containing 1(SCFD1)","Homo sapiens"
"SCFD2","Q8WU76","","sec1 family domain containing 2(SCFD2)","Homo sapiens"
"SCO2","O43819","","synthesis of cytochrome C oxidase 2(SCO2)","Homo sapiens"
"SDCBP","O00560","","syndecan binding protein(SDCBP)","Homo sapiens"
"SDCCAG8","Q86SQ7","","SHH signaling and ciliogenesis regulator SDCCAG8(SDCCAG8)","Homo sapiens"
"SEC23A","Q15436","","SEC23 homolog A, COPII coat complex component(SEC23A)","Homo sapiens"
"SEC23B","Q15437","","SEC23 homolog B, COPII coat complex component(SEC23B)","Homo sapiens"
"SELENOH","Q8IZQ5","","selenoprotein H(SELENOH)","Homo sapiens"
"SELENOT","P62341","","selenoprotein T(SELENOT)","Homo sapiens"
"SENP1","Q9P0U3","","SUMO specific peptidase 1(SENP1)","Homo sapiens"
"SEPTIN11","Q9NVA2","","septin 11(SEPTIN11)","Homo sapiens"
"SEPTIN2","Q15019","","septin 2(SEPTIN2)","Homo sapiens"
"SEPTIN7","Q16181","","septin 7(SEPTIN7)","Homo sapiens"
"SEPTIN9","Q9UHD8","","septin 9(SEPTIN9)","Homo sapiens"
"SERPINA3","P01011","","serpin family A member 3(SERPINA3)","Homo sapiens"
"SERPINH1","P50454","","serpin family H member 1(SERPINH1)","Homo sapiens"
"SESN2","P58004","","sestrin 2(SESN2)","Homo sapiens"
"SETD3","Q86TU7","","SET domain containing 3, actin N3(tau)-histidine methyltransferase(SETD3)","Homo sapiens"
"SF1","Q15637","","splicing factor 1(SF1)","Homo sapiens"
"SF3A1","Q15459","","splicing factor 3a subunit 1(SF3A1)","Homo sapiens"
"SF3B1","O75533","","splicing factor 3b subunit 1(SF3B1)","Homo sapiens"
"SF3B4","Q15427","","splicing factor 3b subunit 4(SF3B4)","Homo sapiens"
"SF3B6","Q9Y3B4","","splicing factor 3b subunit 6(SF3B6)","Homo sapiens"
"SGTA","O43765","","small glutamine rich tetratricopeptide repeat co-chaperone alpha(SGTA)","Homo sapiens"
"SH3BGRL3","Q9H299","","SH3 domain binding glutamate rich protein like 3(SH3BGRL3)","Homo sapiens"
"SH3GLB1","Q9Y371","","SH3 domain containing GRB2 like, endophilin B1(SH3GLB1)","Homo sapiens"
"SH3GLB2","Q9NR46","","SH3 domain containing GRB2 like, endophilin B2(SH3GLB2)","Homo sapiens"
"SHROOM2","Q13796","","shroom family member 2(SHROOM2)","Homo sapiens"
"SIKE1","Q9BRV8","","suppressor of IKBKE 1(SIKE1)","Homo sapiens"
"SKA1","Q96BD8","","spindle and kinetochore associated complex subunit 1(SKA1)","Homo sapiens"
"SKP1","P63208","","S-phase kinase associated protein 1(SKP1)","Homo sapiens"
"SLAIN2","Q9P270","","SLAIN motif family member 2(SLAIN2)","Homo sapiens"
"SLC15A2","Q16348","","solute carrier family 15 member 2(SLC15A2)","Homo sapiens"
"SLC25A4","P12235","","solute carrier family 25 member 4(SLC25A4)","Homo sapiens"
"SLC25A5","P05141","","solute carrier family 25 member 5(SLC25A5)","Homo sapiens"
"SLC25A6","P12236","","solute carrier family 25 member 6(SLC25A6)","Homo sapiens"
"SLC30A6","Q6NXT4","","solute carrier family 30 member 6(SLC30A6)","Homo sapiens"
"SLC4A1AP","Q9BWU0","","solute carrier family 4 member 1 adaptor protein(SLC4A1AP)","Homo sapiens"
"SLC5A6","Q9Y289","","solute carrier family 5 member 6(SLC5A6)","Homo sapiens"
"SLC7A5","Q01650","","solute carrier family 7 member 5(SLC7A5)","Homo sapiens"
"SLIRP","Q9GZT3","","SRA stem-loop interacting RNA binding protein(SLIRP)","Homo sapiens"
"SMARCC1","Q92922","","SWI/SNF related BAF chromatin remodeling complex subunit C1(SMARCC1)","Homo sapiens"
"SMARCC2","Q8TAQ2","","SWI/SNF related BAF chromatin remodeling complex subunit C2(SMARCC2)","Homo sapiens"
"SMARCE1","Q969G3","","SWI/SNF related BAF chromatin remodeling complex subunit E1(SMARCE1)","Homo sapiens"
"SMC2","O95347","","structural maintenance of chromosomes 2(SMC2)","Homo sapiens"
"SMC4","Q9NTJ3","","structural maintenance of chromosomes 4(SMC4)","Homo sapiens"
"SMC5","Q8IY18","","structural maintenance of chromosomes 5(SMC5)","Homo sapiens"
"SMCHD1","A6NHR9","","structural maintenance of chromosomes flexible hinge domain containing 1(SMCHD1)","Homo sapiens"
"SMG8","Q8ND04","","SMG8 nonsense mediated mRNA decay factor(SMG8)","Homo sapiens"
"SMYD3","Q9H7B4","","SET and MYND domain containing 3(SMYD3)","Homo sapiens"
"SNAP23","O00161","","synaptosome associated protein 23(SNAP23)","Homo sapiens"
"SNRNP200","O75643","","small nuclear ribonucleoprotein U5 subunit 200(SNRNP200)","Homo sapiens"
"SNRPB","P14678","","small nuclear ribonucleoprotein polypeptides B and B1(SNRPB)","Homo sapiens"
"SNRPE","P62304","","small nuclear ribonucleoprotein polypeptide E(SNRPE)","Homo sapiens"
"SNRPN","P63162","","small nuclear ribonucleoprotein polypeptide N(SNRPN)","Homo sapiens"
"SNX3","O60493","","sorting nexin 3(SNX3)","Homo sapiens"
"SNX6","Q9UNH7","","sorting nexin 6(SNX6)","Homo sapiens"
"SOAT1","P35610","","sterol O-acyltransferase 1(SOAT1)","Homo sapiens"
"SORD","Q00796","","sorbitol dehydrogenase(SORD)","Homo sapiens"
"SP100","P23497","","SP100 nuclear antigen(SP100)","Homo sapiens"
"SP3","Q02447","","Sp3 transcription factor(SP3)","Homo sapiens"
"SPATS2","Q86XZ4","","spermatogenesis associated serine rich 2(SPATS2)","Homo sapiens"
"SPC25","Q9HBM1","","SPC25 component of NDC80 kinetochore complex(SPC25)","Homo sapiens"
"SPDEF","O95238","","SAM pointed domain containing ETS transcription factor(SPDEF)","Homo sapiens"
"SPG21","Q9NZD8","","SPG21 abhydrolase domain containing, maspardin(SPG21)","Homo sapiens"
"SPOPL","Q6IQ16","","speckle type BTB/POZ protein like(SPOPL)","Homo sapiens"
"SPTB","P11277","","spectrin beta, erythrocytic(SPTB)","Homo sapiens"
"SPTBN1","Q01082","","spectrin beta, non-erythrocytic 1(SPTBN1)","Homo sapiens"
"SPTBN2","O15020","","spectrin beta, non-erythrocytic 2(SPTBN2)","Homo sapiens"
"SRI","P30626","","sorcin(SRI)","Homo sapiens"
"SRPK2","P78362","","SRSF protein kinase 2(SRPK2)","Homo sapiens"
"SRRT","Q9BXP5","","serrate, RNA effector molecule(SRRT)","Homo sapiens"
"SRSF11","Q05519","","serine and arginine rich splicing factor 11(SRSF11)","Homo sapiens"
"SRSF2","Q01130","","serine and arginine rich splicing factor 2(SRSF2)","Homo sapiens"
"SSB","P05455","","small RNA binding exonuclease protection factor La(SSB)","Homo sapiens"
"SSBP2","P81877","","single stranded DNA binding protein 2(SSBP2)","Homo sapiens"
"SSNA1","O43805","","SS nuclear autoantigen 1(SSNA1)","Homo sapiens"
"SSR1","P43307","","signal sequence receptor subunit 1(SSR1)","Homo sapiens"
"STAT1","P42224","","signal transducer and activator of transcription 1(STAT1)","Homo sapiens"
"STAT3","P40763","","signal transducer and activator of transcription 3(STAT3)","Homo sapiens"
"STAT6","P42226","","signal transducer and activator of transcription 6(STAT6)","Homo sapiens"
"STIL","Q15468","","STIL centriolar assembly protein(STIL)","Homo sapiens"
"STMN1","P16949","","stathmin 1(STMN1)","Homo sapiens"
"STRAP","Q9Y3F4","","serine/threonine kinase receptor associated protein(STRAP)","Homo sapiens"
"STRN4","Q9NRL3","","striatin 4(STRN4)","Homo sapiens"
"STX6","O43752","","syntaxin 6(STX6)","Homo sapiens"
"STXBP1","P61764","","syntaxin binding protein 1(STXBP1)","Homo sapiens"
"STXBP3","O00186","","syntaxin binding protein 3(STXBP3)","Homo sapiens"
"SUDS3","Q9H7L9","","SDS3 homolog, SIN3A corepressor complex component(SUDS3)","Homo sapiens"
"SUGT1","Q9Y2Z0","","SGT1 homolog, MIS12 kinetochore complex assembly cochaperone(SUGT1)","Homo sapiens"
"SUN2","Q9UH99","","Sad1 and UNC84 domain containing 2(SUN2)","Homo sapiens"
"SWAP70","Q9UH65","","switching B cell complex subunit SWAP70(SWAP70)","Homo sapiens"
"SYMPK","Q92797","","symplekin scaffold protein(SYMPK)","Homo sapiens"
"SYNPO2","Q9UMS6","","synaptopodin 2(SYNPO2)","Homo sapiens"
"SYT7","O43581","","synaptotagmin 7(SYT7)","Homo sapiens"
"TAF8","Q7Z7C8","","TATA-box binding protein associated factor 8(TAF8)","Homo sapiens"
"TANC1","Q9C0D5","","tetratricopeptide repeat, ankyrin repeat and coiled-coil containing 1(TANC1)","Homo sapiens"
"TBC1D10A","Q9BXI6","","TBC1 domain family member 10A(TBC1D10A)","Homo sapiens"
"TBC1D15","Q8TC07","","TBC1 domain family member 15(TBC1D15)","Homo sapiens"
"TBC1D9B","Q66K14","","TBC1 domain family member 9B(TBC1D9B)","Homo sapiens"
"TBP","P20226","","TATA-box binding protein(TBP)","Homo sapiens"
"TBPL2","Q6SJ96","","TATA-box binding protein like 2(TBPL2)","Homo sapiens"
"TBX2","Q13207","","T-box transcription factor 2(TBX2)","Homo sapiens"
"TCEA1","P23193","","transcription elongation factor A1(TCEA1)","Homo sapiens"
"TCERG1","O14776","","transcription elongation regulator 1(TCERG1)","Homo sapiens"
"TCF25","Q9BQ70","","TCF25 ribosome quality control complex subunit(TCF25)","Homo sapiens"
"TCF3","P15923","","transcription factor 3(TCF3)","Homo sapiens"
"TCHP","Q9BT92","","trichoplein keratin filament binding(TCHP)","Homo sapiens"
"TCP1","P17987","","t-complex 1(TCP1)","Homo sapiens"
"TDP2","O95551","","tyrosyl-DNA phosphodiesterase 2(TDP2)","Homo sapiens"
"TENT2","Q6PIY7","","terminal nucleotidyltransferase 2(TENT2)","Homo sapiens"
"TF","P02787","","transferrin(TF)","Homo sapiens"
"THAP4","Q8WY91","","THAP domain containing 4(THAP4)","Homo sapiens"
"THNSL1","Q8IYQ7","","threonine synthase like 1(THNSL1)","Homo sapiens"
"THOC7","Q6I9Y2","","THO complex subunit 7(THOC7)","Homo sapiens"
"THUMPD3","Q9BV44","","THUMP domain 3 tRNA guanosine methyltransferase(THUMPD3)","Homo sapiens"
"TIGAR","Q9NQ88","","TP53 induced glycolysis regulatory phosphatase(TIGAR)","Homo sapiens"
"TIMM13","Q9Y5L4","","translocase of inner mitochondrial membrane 13(TIMM13)","Homo sapiens"
"TIMM50","Q3ZCQ8","","translocase of inner mitochondrial membrane 50(TIMM50)","Homo sapiens"
"TLN1","Q9Y490","","talin 1(TLN1)","Homo sapiens"
"TLN2","Q9Y4G6","","talin 2(TLN2)","Homo sapiens"
"TMED10","P49755","","transmembrane p24 trafficking protein 10(TMED10)","Homo sapiens"
"TMED3","Q9Y3Q3","","transmembrane p24 trafficking protein 3(TMED3)","Homo sapiens"
"TMEM147","Q9BVK8","","transmembrane protein 147(TMEM147)","Homo sapiens"
"TMEM33","P57088","","transmembrane protein 33(TMEM33)","Homo sapiens"
"TMPO","P42167,P42166","","thymopoietin(TMPO)","Homo sapiens"
"TNPO1","Q92973","","transportin 1(TNPO1)","Homo sapiens"
"TP53BP1","Q12888","","tumor protein p53 binding protein 1(TP53BP1)","Homo sapiens"
"TP53RK","Q96S44","","TP53 regulating kinase(TP53RK)","Homo sapiens"
"TPD52L1","Q16890","","TPD52 like 1(TPD52L1)","Homo sapiens"
"TPM2","P07951","","tropomyosin 2(TPM2)","Homo sapiens"
"TPM4","P67936","","tropomyosin 4(TPM4)","Homo sapiens"
"TPP2","P29144","","tripeptidyl peptidase 2(TPP2)","Homo sapiens"
"TPR","P12270","","translocated promoter region, nuclear basket protein(TPR)","Homo sapiens"
"TPX2","Q9ULW0","","TPX2 microtubule nucleation factor(TPX2)","Homo sapiens"
"TRAP1","Q12931","","TNF receptor associated protein 1(TRAP1)","Homo sapiens"
"TRAPPC13","A5PLN9","","trafficking protein particle complex subunit 13(TRAPPC13)","Homo sapiens"
"TRAPPC3","O43617","","trafficking protein particle complex subunit 3(TRAPPC3)","Homo sapiens"
"TRAPPC5","Q8IUR0","","trafficking protein particle complex subunit 5(TRAPPC5)","Homo sapiens"
"TRIM14","Q14142","","tripartite motif containing 14(TRIM14)","Homo sapiens"
"TRIM25","Q14258","","tripartite motif containing 25(TRIM25)","Homo sapiens"
"TRIM28","Q13263","","tripartite motif containing 28(TRIM28)","Homo sapiens"
"TRIM34","Q9BYJ4","","tripartite motif containing 34(TRIM34)","Homo sapiens"
"TRIM36","Q9NQ86","","tripartite motif containing 36(TRIM36)","Homo sapiens"
"TRIM38","O00635","","tripartite motif containing 38(TRIM38)","Homo sapiens"
"TRIM5","Q9C035","","tripartite motif containing 5(TRIM5)","Homo sapiens"
"TRIR","Q9BQ61","","telomerase RNA component interacting RNase(TRIR)","Homo sapiens"
"TTC21B","Q7Z4L5","","tetratricopeptide repeat domain 21B(TTC21B)","Homo sapiens"
"TTC39A","Q5SRH9","","tetratricopeptide repeat domain 39A(TTC39A)","Homo sapiens"
"TTC4","O95801","","tetratricopeptide repeat domain 4(TTC4)","Homo sapiens"
"TTC9C","Q8N5M4","","tetratricopeptide repeat domain 9C(TTC9C)","Homo sapiens"
"TTF2","Q9UNY4","","transcription termination factor 2(TTF2)","Homo sapiens"
"TTI2","Q6NXR4","","TELO2 interacting protein 2(TTI2)","Homo sapiens"
"TUBA1A","Q71U36","","tubulin alpha 1a(TUBA1A)","Homo sapiens"
"TUBA1B","P68363","","tubulin alpha 1b(TUBA1B)","Homo sapiens"
"TUBA1C","Q9BQE3","","tubulin alpha 1c(TUBA1C)","Homo sapiens"
"TUBB","P07437","","tubulin beta class I(TUBB)","Homo sapiens"
"TUBB1","Q9H4B7","","tubulin beta 1 class VI(TUBB1)","Homo sapiens"
"TUBB2A","Q13885","","tubulin beta 2A class IIa(TUBB2A)","Homo sapiens"
"TUBB2B","Q9BVA1","","tubulin beta 2B class IIb(TUBB2B)","Homo sapiens"
"TUBB3","Q13509","","tubulin beta 3 class III(TUBB3)","Homo sapiens"
"TUBB4A","P04350","","tubulin beta 4A class IVa(TUBB4A)","Homo sapiens"
"TUBB4B","P68371","","tubulin beta 4B class IVb(TUBB4B)","Homo sapiens"
"TUBB6","Q9BUF5","","tubulin beta 6 class V(TUBB6)","Homo sapiens"
"TUBB8","Q3ZCM7","","tubulin beta 8 class VIII(TUBB8)","Homo sapiens"
"TUBB8B","Q3ZCM7,A6NNZ2","","tubulin beta 8B(TUBB8B)","Homo sapiens"
"TUBGCP3","Q96CW5","","tubulin gamma complex component 3(TUBGCP3)","Homo sapiens"
"TUBGCP4","Q9UGJ1","","tubulin gamma complex component 4(TUBGCP4)","Homo sapiens"
"TUBGCP6","Q96RT7","","tubulin gamma complex component 6(TUBGCP6)","Homo sapiens"
"TUT4","Q5TAX3","","terminal uridylyl transferase 4(TUT4)","Homo sapiens"
"TXNDC12","O95881","","thioredoxin domain containing 12(TXNDC12)","Homo sapiens"
"TXNDC17","Q9BRA2","","thioredoxin domain containing 17(TXNDC17)","Homo sapiens"
"TXNL4A","P83876","","thioredoxin like 4A(TXNL4A)","Homo sapiens"
"TXNRD1","Q16881","","thioredoxin reductase 1(TXNRD1)","Homo sapiens"
"TYW1","Q9NV66","","tRNA-yW synthesizing protein 1 homolog(TYW1)","Homo sapiens"
"U2SURP","O15042","","U2 snRNP associated SURP domain containing(U2SURP)","Homo sapiens"
"UBAP2","Q5T6F2","","ubiquitin associated protein 2(UBAP2)","Homo sapiens"
"UBASH3B","Q8TF42","","ubiquitin associated and SH3 domain containing B(UBASH3B)","Homo sapiens"
"UBE2I","P63279","","ubiquitin conjugating enzyme E2 I(UBE2I)","Homo sapiens"
"UBE2K","P61086","","ubiquitin conjugating enzyme E2 K(UBE2K)","Homo sapiens"
"UBE2L6","O14933","","ubiquitin conjugating enzyme E2 L6(UBE2L6)","Homo sapiens"
"UBR1","Q8IWV7","","ubiquitin protein ligase E3 component n-recognin 1(UBR1)","Homo sapiens"
"UBXN6","Q9BZV1","","UBX domain protein 6(UBXN6)","Homo sapiens"
"UCHL3","P15374","","ubiquitin C-terminal hydrolase L3(UCHL3)","Homo sapiens"
"UCHL5","Q9Y5K5","","ubiquitin C-terminal hydrolase L5(UCHL5)","Homo sapiens"
"UFL1","O94874","","UFM1 specific ligase 1(UFL1)","Homo sapiens"
"UHRF2","Q96PU4","","ubiquitin like with PHD and ring finger domains 2(UHRF2)","Homo sapiens"
"UNC13B","O14795","","unc-13 homolog B(UNC13B)","Homo sapiens"
"USF2","Q15853","","upstream transcription factor 2, c-fos interacting(USF2)","Homo sapiens"
"USP14","P54578","","ubiquitin specific peptidase 14(USP14)","Homo sapiens"
"USP32","Q8NFA0","","ubiquitin specific peptidase 32(USP32)","Homo sapiens"
"USP5","P45974","","ubiquitin specific peptidase 5(USP5)","Homo sapiens"
"USP9Y","O00507","","ubiquitin specific peptidase 9 Y-linked(USP9Y)","Homo sapiens"
"VAPA","Q9P0L0","","VAMP associated protein A(VAPA)","Homo sapiens"
"VARS1","P26640","","valyl-tRNA synthetase 1(VARS1)","Homo sapiens"
"VAV3","Q9UKW4","","vav guanine nucleotide exchange factor 3(VAV3)","Homo sapiens"
"VDAC2","P45880","","voltage dependent anion channel 2(VDAC2)","Homo sapiens"
"VGF","O15240","","VGF nerve growth factor inducible(VGF)","Homo sapiens"
"VPS11","Q9H270","","VPS11 core subunit of CORVET and HOPS complexes(VPS11)","Homo sapiens"
"VPS25","Q9BRG1","","vacuolar protein sorting 25 homolog(VPS25)","Homo sapiens"
"VPS26A","O75436","","VPS26 retromer complex component A(VPS26A)","Homo sapiens"
"VPS28","Q9UK41","","VPS28 subunit of ESCRT-I(VPS28)","Homo sapiens"
"VPS29","Q9UBQ0","","VPS29 retromer complex component(VPS29)","Homo sapiens"
"VPS33B","Q9H267","","VPS33B late endosome and lysosome associated(VPS33B)","Homo sapiens"
"VPS35L","Q7Z3J2","","VPS35 endosomal protein sorting factor like(VPS35L)","Homo sapiens"
"VPS37B","Q9H9H4","","VPS37B subunit of ESCRT-I(VPS37B)","Homo sapiens"
"VPS39","Q96JC1","","VPS39 subunit of HOPS complex(VPS39)","Homo sapiens"
"VPS51","Q9UID3","","VPS51 subunit of GARP complex(VPS51)","Homo sapiens"
"VPS53","Q5VIR6","","VPS53 subunit of GARP complex(VPS53)","Homo sapiens"
"VRK1","Q99986","","VRK serine/threonine kinase 1(VRK1)","Homo sapiens"
"VRK3","Q8IV63","","VRK serine/threonine kinase 3(VRK3)","Homo sapiens"
"WDR1","O75083","","WD repeat domain 1(WDR1)","Homo sapiens"
"WDR77","Q9BQA1","","WD repeat domain 77(WDR77)","Homo sapiens"
"WDR82","Q6UXN9","","WD repeat domain 82(WDR82)","Homo sapiens"
"WRN","Q14191","","WRN RecQ like helicase(WRN)","Homo sapiens"
"XPO1","O14980","","exportin 1(XPO1)","Homo sapiens"
"XPO5","Q9HAV4","","exportin 5(XPO5)","Homo sapiens"
"XPOT","O43592","","exportin for tRNA(XPOT)","Homo sapiens"
"XRCC1","P18887","","X-ray repair cross complementing 1(XRCC1)","Homo sapiens"
"XRCC5","P13010","","X-ray repair cross complementing 5(XRCC5)","Homo sapiens"
"XRCC6","P12956","","X-ray repair cross complementing 6(XRCC6)","Homo sapiens"
"XRN1","Q8IZH2","","5'-3' exoribonuclease 1(XRN1)","Homo sapiens"
"YBX2","Q9Y2T7","","Y-box binding protein 2(YBX2)","Homo sapiens"
"YEATS4","O95619","","YEATS domain containing 4(YEATS4)","Homo sapiens"
"YWHAE","P62258","","tyrosine 3-monooxygenase/tryptophan 5-monooxygenase activation protein epsilon(YWHAE)","Homo sapiens"
"YWHAG","P61981","","tyrosine 3-monooxygenase/tryptophan 5-monooxygenase activation protein gamma(YWHAG)","Homo sapiens"
"YWHAQ","P27348","","tyrosine 3-monooxygenase/tryptophan 5-monooxygenase activation protein theta(YWHAQ)","Homo sapiens"
"YWHAZ","P63104","","tyrosine 3-monooxygenase/tryptophan 5-monooxygenase activation protein zeta(YWHAZ)","Homo sapiens"
"ZBED4","O75132","","zinc finger BED-type containing 4(ZBED4)","Homo sapiens"
"ZC3HC1","Q86WB0","","zinc finger C3HC-type containing 1(ZC3HC1)","Homo sapiens"
"ZFYVE19","Q96K21","","zinc finger FYVE-type containing 19(ZFYVE19)","Homo sapiens"
"ZNF282","Q9UDV7","","zinc finger protein 282(ZNF282)","Homo sapiens"
"ZNF398","Q8TD17","","zinc finger protein 398(ZNF398)","Homo sapiens"
"ZNF446","Q9NWS9","","zinc finger protein 446(ZNF446)","Homo sapiens"
"ZNF512","Q96ME7","","zinc finger protein 512(ZNF512)","Homo sapiens"
"ZNF512B","Q96KM6","","zinc finger protein 512B(ZNF512B)","Homo sapiens"
"ZNRD2","O60232","","zinc ribbon domain containing 2(ZNRD2)","Homo sapiens"
"ZWINT","O95229","","ZW10 interacting kinetochore protein(ZWINT)","Homo sapiens"

